payment_id,account_id,payment_date,amount,payment_method_id,payment_status
PAY000001,ACC00001,2025-07-09,712.42,PM01,Failed
PAY000002,ACC00002,2025-08-09,2983.02,PM03,Completed
PAY000003,ACC00004,2025-02-24,1622.84,PM01,Completed
PAY000004,ACC00005,2025-08-18,2343.2,PM02,Completed
PAY000005,ACC00005,2024-06-06,3130.99,PM03,Completed
PAY000006,ACC00006,2024-07-03,1709.36,PM01,Completed
PAY000007,ACC00007,2025-06-10,1731.23,PM01,Completed
PAY000008,ACC00009,2024-08-16,250.22,PM03,Completed
PAY000009,ACC00009,2024-10-06,1161.03,PM02,Failed
PAY000010,ACC00010,2024-03-06,4259.99,PM04,Completed
PAY000011,ACC00010,2024-04-06,427.53,PM05,Completed
PAY000012,ACC00011,2025-06-07,3570.58,PM03,Failed
PAY000013,ACC00011,2025-07-05,2114.92,PM01,Completed
PAY000014,ACC00012,2025-02-15,3829.7,PM02,Completed
PAY000015,ACC00014,2025-07-23,4944.67,PM02,Completed
PAY000016,ACC00015,2025-11-20,929.42,PM01,Completed
PAY000017,ACC00015,2025-05-29,3209.49,PM05,Completed
PAY000018,ACC00016,2024-11-17,4800.83,PM02,Completed
PAY000019,ACC00017,2024-10-15,1588.42,PM05,Completed
PAY000020,ACC00018,2025-09-02,1516.16,PM02,Completed
PAY000021,ACC00018,2024-07-03,4654.3,PM01,Completed
PAY000022,ACC00019,2024-07-02,1562.91,PM01,Completed
PAY000023,ACC00019,2024-03-06,1302.03,PM01,Completed
PAY000024,ACC00020,2024-04-25,2579.85,PM02,Completed
PAY000025,ACC00021,2024-04-24,2260.24,PM01,Failed
PAY000026,ACC00021,2025-02-20,3084.18,PM02,Completed
PAY000027,ACC00022,2025-06-23,3506.63,PM01,Completed
PAY000028,ACC00024,2024-02-28,2078.62,PM01,Completed
PAY000029,ACC00025,2024-06-21,1771.79,PM03,Completed
PAY000030,ACC00025,2024-07-20,1007.29,PM03,Completed
PAY000031,ACC00026,2024-04-08,1666.86,PM01,Completed
PAY000032,ACC00028,2025-06-26,59.46,PM04,Completed
PAY000033,ACC00029,2024-06-14,3098.93,PM05,Failed
PAY000034,ACC00030,2025-08-01,2282.95,PM04,Completed
PAY000035,ACC00031,2025-03-18,2208.93,PM01,Completed
PAY000036,ACC00032,2024-08-20,4453.2,PM01,Completed
PAY000037,ACC00033,2025-05-28,3958.54,PM03,Completed
PAY000038,ACC00033,2024-07-27,4505.64,PM01,Completed
PAY000039,ACC00035,2024-04-26,4569.6,PM04,Reversed
PAY000040,ACC00036,2025-02-16,1276.77,PM01,Completed
PAY000041,ACC00036,2025-07-19,54.06,PM02,Completed
PAY000042,ACC00039,2024-06-09,3063.43,PM01,Completed
PAY000043,ACC00041,2025-06-04,4493.67,PM03,Completed
PAY000044,ACC00042,2025-09-06,2410.51,PM03,Completed
PAY000045,ACC00043,2024-01-21,2490.39,PM02,Failed
PAY000046,ACC00043,2024-04-07,3164.29,PM03,Completed
PAY000047,ACC00044,2025-08-18,4674.95,PM01,Completed
PAY000048,ACC00045,2025-10-31,421.55,PM04,Completed
PAY000049,ACC00047,2025-02-23,3489.23,PM01,Failed
PAY000050,ACC00048,2025-08-30,3234.09,PM02,Failed
PAY000051,ACC00049,2024-11-02,3685.4,PM02,Completed
PAY000052,ACC00051,2024-06-03,3494.86,PM03,Completed
PAY000053,ACC00051,2025-02-12,3077.6,PM02,Completed
PAY000054,ACC00052,2024-04-06,1574.84,PM01,Completed
PAY000055,ACC00053,2025-08-02,1664.44,PM04,Completed
PAY000056,ACC00054,2025-11-18,3831.78,PM02,Completed
PAY000057,ACC00055,2024-05-19,2253.01,PM02,Completed
PAY000058,ACC00055,2025-10-04,2089.43,PM02,Completed
PAY000059,ACC00056,2024-11-07,3112.74,PM01,Completed
PAY000060,ACC00057,2025-07-29,2313.56,PM01,Completed
PAY000061,ACC00058,2025-05-24,3108.14,PM02,Completed
PAY000062,ACC00059,2025-02-19,1008.03,PM02,Reversed
PAY000063,ACC00060,2025-05-31,2337.11,PM04,Completed
PAY000064,ACC00061,2025-04-14,1070.98,PM02,Completed
PAY000065,ACC00062,2025-07-03,1935.06,PM04,Completed
PAY000066,ACC00062,2025-08-21,1614.38,PM02,Completed
PAY000067,ACC00063,2024-06-19,2002.77,PM03,Completed
PAY000068,ACC00063,2024-01-11,4186.69,PM02,Completed
PAY000069,ACC00064,2024-06-16,243.47,PM02,Reversed
PAY000070,ACC00064,2025-02-13,352.97,PM02,Completed
PAY000071,ACC00064,2025-07-11,1300.68,PM01,Completed
PAY000072,ACC00065,2024-08-14,2887.02,PM01,Failed
PAY000073,ACC00067,2024-02-12,4083.28,PM02,Completed
PAY000074,ACC00068,2025-09-25,4175.37,PM02,Completed
PAY000075,ACC00069,2024-04-18,4334.19,PM02,Completed
PAY000076,ACC00069,2024-01-15,3952.1,PM01,Reversed
PAY000077,ACC00070,2024-02-18,1757.32,PM01,Completed
PAY000078,ACC00070,2025-02-03,2981.26,PM04,Completed
PAY000079,ACC00070,2025-09-02,4560.24,PM02,Completed
PAY000080,ACC00071,2025-01-31,3847.91,PM02,Completed
PAY000081,ACC00071,2024-07-15,3341.58,PM04,Reversed
PAY000082,ACC00071,2024-10-28,2538.14,PM02,Completed
PAY000083,ACC00072,2024-01-20,851.88,PM03,Completed
PAY000084,ACC00073,2024-02-05,1060.02,PM01,Completed
PAY000085,ACC00073,2025-01-16,1193.08,PM04,Completed
PAY000086,ACC00074,2024-11-06,3027.19,PM05,Completed
PAY000087,ACC00074,2024-02-14,1747.57,PM02,Completed
PAY000088,ACC00074,2025-03-08,4101.58,PM02,Failed
PAY000089,ACC00075,2024-11-04,3947.62,PM05,Completed
PAY000090,ACC00077,2024-12-18,2414.55,PM03,Completed
PAY000091,ACC00078,2025-03-11,4282.79,PM04,Completed
PAY000092,ACC00081,2025-10-12,3975.98,PM03,Completed
PAY000093,ACC00082,2024-11-10,2728.86,PM02,Completed
PAY000094,ACC00083,2024-11-29,2213.51,PM02,Completed
PAY000095,ACC00085,2024-08-25,2471.04,PM02,Completed
PAY000096,ACC00085,2024-03-24,3656.84,PM06,Completed
PAY000097,ACC00086,2024-06-19,2999.86,PM03,Failed
PAY000098,ACC00088,2024-05-10,4656.07,PM03,Failed
PAY000099,ACC00090,2025-04-28,758.77,PM01,Completed
PAY000100,ACC00090,2025-04-19,1389.96,PM02,Completed
PAY000101,ACC00091,2024-09-09,3576.21,PM03,Completed
PAY000102,ACC00092,2024-11-28,1561.11,PM01,Completed
PAY000103,ACC00093,2024-12-20,551.95,PM01,Failed
PAY000104,ACC00095,2025-05-15,379.47,PM02,Completed
PAY000105,ACC00096,2024-02-23,1848.2,PM02,Completed
PAY000106,ACC00097,2024-09-21,2384.5,PM02,Completed
PAY000107,ACC00098,2025-10-15,1522.94,PM01,Completed
PAY000108,ACC00098,2025-06-25,1514.19,PM03,Failed
PAY000109,ACC00099,2025-04-17,3526.52,PM01,Completed
PAY000110,ACC00099,2025-08-07,4244.66,PM02,Completed
PAY000111,ACC00100,2024-02-07,2694.86,PM02,Completed
PAY000112,ACC00101,2024-05-07,4375.54,PM02,Completed
PAY000113,ACC00103,2025-10-21,951.99,PM02,Completed
PAY000114,ACC00104,2025-06-09,916.66,PM02,Completed
PAY000115,ACC00104,2025-07-24,2425.6,PM01,Completed
PAY000116,ACC00104,2025-05-01,2796.52,PM01,Completed
PAY000117,ACC00106,2024-11-16,1563.36,PM01,Completed
PAY000118,ACC00107,2025-11-07,1170.81,PM01,Completed
PAY000119,ACC00108,2025-06-08,4324.21,PM01,Completed
PAY000120,ACC00108,2024-12-30,1498.06,PM02,Completed
PAY000121,ACC00109,2025-05-23,3724.42,PM01,Completed
PAY000122,ACC00109,2024-06-15,4664.11,PM02,Completed
PAY000123,ACC00110,2024-08-17,2958.92,PM01,Completed
PAY000124,ACC00110,2025-08-12,3979.64,PM02,Completed
PAY000125,ACC00110,2024-09-25,3067.48,PM06,Completed
PAY000126,ACC00111,2024-01-30,2684.72,PM03,Completed
PAY000127,ACC00112,2025-05-06,4534.31,PM01,Completed
PAY000128,ACC00113,2025-12-01,3536.15,PM03,Completed
PAY000129,ACC00113,2025-07-07,1488.02,PM02,Completed
PAY000130,ACC00114,2025-10-28,4692.52,PM02,Completed
PAY000131,ACC00115,2024-10-31,4204.89,PM03,Failed
PAY000132,ACC00115,2025-09-21,2218.3,PM03,Completed
PAY000133,ACC00116,2025-01-14,1676.54,PM04,Failed
PAY000134,ACC00117,2024-12-22,2615.65,PM04,Completed
PAY000135,ACC00117,2024-04-23,760.12,PM04,Completed
PAY000136,ACC00118,2025-08-20,3318.65,PM02,Completed
PAY000137,ACC00119,2025-10-08,1531.24,PM04,Failed
PAY000138,ACC00120,2025-10-16,4498.63,PM03,Failed
PAY000139,ACC00121,2024-12-02,4583.73,PM04,Completed
PAY000140,ACC00122,2024-12-02,3984.28,PM04,Completed
PAY000141,ACC00123,2025-05-23,4974.82,PM04,Completed
PAY000142,ACC00124,2024-04-17,3209.07,PM01,Completed
PAY000143,ACC00124,2024-08-02,2200.37,PM02,Completed
PAY000144,ACC00124,2025-07-03,1266.52,PM01,Completed
PAY000145,ACC00125,2025-05-18,4729.04,PM04,Completed
PAY000146,ACC00125,2024-12-10,162.19,PM02,Failed
PAY000147,ACC00125,2025-09-24,4226.36,PM03,Failed
PAY000148,ACC00126,2024-06-19,2906.61,PM04,Completed
PAY000149,ACC00127,2024-05-31,2143.64,PM02,Completed
PAY000150,ACC00128,2025-01-17,1599.75,PM01,Failed
PAY000151,ACC00129,2024-01-22,3757.56,PM04,Completed
PAY000152,ACC00130,2025-11-15,2003.09,PM02,Completed
PAY000153,ACC00130,2024-05-04,2943.24,PM01,Completed
PAY000154,ACC00132,2025-06-29,2397.84,PM01,Completed
PAY000155,ACC00132,2024-05-17,650.25,PM03,Completed
PAY000156,ACC00132,2025-03-12,2679.04,PM01,Completed
PAY000157,ACC00133,2024-04-13,261.45,PM04,Completed
PAY000158,ACC00133,2024-12-01,1100.28,PM01,Completed
PAY000159,ACC00134,2025-02-14,3500.94,PM01,Completed
PAY000160,ACC00135,2025-05-23,742.31,PM01,Completed
PAY000161,ACC00135,2025-03-26,2572.8,PM01,Completed
PAY000162,ACC00136,2025-08-04,4002.47,PM01,Completed
PAY000163,ACC00139,2024-11-25,4215.69,PM06,Reversed
PAY000164,ACC00140,2025-01-10,3345.01,PM03,Completed
PAY000165,ACC00142,2025-01-30,2462.35,PM04,Completed
PAY000166,ACC00144,2024-04-28,1994.79,PM01,Completed
PAY000167,ACC00145,2024-02-13,4559.52,PM03,Failed
PAY000168,ACC00146,2024-07-05,2746.28,PM02,Failed
PAY000169,ACC00147,2025-10-27,4574.86,PM02,Completed
PAY000170,ACC00148,2025-06-17,1319.3,PM01,Failed
PAY000171,ACC00149,2025-11-30,568.97,PM02,Completed
PAY000172,ACC00149,2025-04-17,4463.64,PM06,Completed
PAY000173,ACC00150,2025-10-12,1364.72,PM05,Completed
PAY000174,ACC00151,2024-05-07,2756.97,PM01,Completed
PAY000175,ACC00151,2024-05-18,1357.09,PM02,Completed
PAY000176,ACC00151,2025-05-13,4671.45,PM02,Completed
PAY000177,ACC00152,2024-04-14,1389.41,PM02,Completed
PAY000178,ACC00154,2024-08-23,4636.5,PM02,Completed
PAY000179,ACC00154,2025-08-12,2121.03,PM02,Completed
PAY000180,ACC00155,2025-11-06,3475.67,PM04,Completed
PAY000181,ACC00158,2024-10-11,3838.04,PM05,Completed
PAY000182,ACC00159,2024-12-25,4164.23,PM01,Completed
PAY000183,ACC00159,2024-12-02,722.13,PM02,Failed
PAY000184,ACC00160,2025-04-09,3226.93,PM02,Completed
PAY000185,ACC00161,2025-07-20,3954.74,PM06,Reversed
PAY000186,ACC00162,2024-10-04,223.82,PM04,Completed
PAY000187,ACC00162,2024-11-08,3812.03,PM05,Completed
PAY000188,ACC00163,2025-06-03,2243.78,PM02,Completed
PAY000189,ACC00163,2025-01-02,1208.48,PM06,Completed
PAY000190,ACC00163,2025-02-18,118.93,PM02,Completed
PAY000191,ACC00164,2024-08-26,3132.31,PM03,Completed
PAY000192,ACC00166,2024-07-16,2124.7,PM02,Completed
PAY000193,ACC00166,2024-01-24,709.54,PM01,Completed
PAY000194,ACC00166,2024-09-27,4622.96,PM04,Reversed
PAY000195,ACC00168,2024-08-26,3634.6,PM04,Completed
PAY000196,ACC00168,2024-12-30,1379.23,PM02,Completed
PAY000197,ACC00169,2024-01-21,3462.86,PM01,Completed
PAY000198,ACC00170,2024-10-05,1390.08,PM01,Completed
PAY000199,ACC00170,2024-09-02,344.51,PM04,Completed
PAY000200,ACC00171,2025-09-22,4621.8,PM02,Reversed
PAY000201,ACC00173,2025-04-21,2812.2,PM01,Completed
PAY000202,ACC00175,2024-09-18,1063.2,PM04,Completed
PAY000203,ACC00178,2024-11-01,119.24,PM04,Completed
PAY000204,ACC00179,2025-10-23,543.41,PM03,Completed
PAY000205,ACC00179,2025-06-30,1002.47,PM04,Completed
PAY000206,ACC00180,2025-03-17,298.79,PM01,Completed
PAY000207,ACC00182,2025-04-04,4674.54,PM03,Completed
PAY000208,ACC00185,2024-08-30,3621.14,PM02,Failed
PAY000209,ACC00187,2025-02-23,99.38,PM06,Completed
PAY000210,ACC00188,2025-09-11,2499.92,PM02,Completed
PAY000211,ACC00190,2025-07-30,2333.9,PM06,Completed
PAY000212,ACC00190,2025-09-22,3904.53,PM02,Completed
PAY000213,ACC00190,2025-11-01,590.33,PM02,Completed
PAY000214,ACC00191,2025-01-24,2389.44,PM02,Completed
PAY000215,ACC00193,2024-05-25,4126.96,PM01,Completed
PAY000216,ACC00194,2024-10-13,4994.03,PM03,Completed
PAY000217,ACC00197,2024-03-11,1321.33,PM02,Completed
PAY000218,ACC00197,2024-09-07,766.26,PM02,Reversed
PAY000219,ACC00198,2024-11-04,4516.84,PM02,Completed
PAY000220,ACC00201,2024-01-16,4561.28,PM01,Completed
PAY000221,ACC00202,2024-03-25,4685.77,PM01,Completed
PAY000222,ACC00203,2025-08-20,2258.08,PM02,Completed
PAY000223,ACC00203,2025-04-30,161.89,PM04,Completed
PAY000224,ACC00204,2025-03-06,517.15,PM03,Completed
PAY000225,ACC00205,2025-04-26,3033.26,PM02,Completed
PAY000226,ACC00205,2024-11-03,4854.84,PM03,Completed
PAY000227,ACC00205,2024-05-17,3475.61,PM02,Completed
PAY000228,ACC00206,2024-12-25,573.56,PM01,Completed
PAY000229,ACC00207,2024-04-23,2928.14,PM02,Failed
PAY000230,ACC00208,2024-06-23,2052.79,PM04,Completed
PAY000231,ACC00208,2024-10-19,4430.24,PM03,Failed
PAY000232,ACC00209,2025-07-23,4904.29,PM02,Failed
PAY000233,ACC00210,2024-05-09,341.0,PM01,Completed
PAY000234,ACC00212,2024-11-15,3758.55,PM02,Completed
PAY000235,ACC00213,2025-11-04,2844.55,PM02,Completed
PAY000236,ACC00214,2025-05-17,696.62,PM02,Failed
PAY000237,ACC00215,2024-02-14,3644.19,PM01,Completed
PAY000238,ACC00216,2024-07-25,3145.37,PM02,Reversed
PAY000239,ACC00217,2024-11-29,1381.63,PM06,Completed
PAY000240,ACC00217,2025-03-23,243.41,PM02,Failed
PAY000241,ACC00219,2025-06-24,978.08,PM02,Completed
PAY000242,ACC00220,2024-01-10,1036.54,PM01,Reversed
PAY000243,ACC00220,2025-05-18,4337.79,PM03,Completed
PAY000244,ACC00221,2024-12-02,1128.13,PM01,Completed
PAY000245,ACC00224,2024-09-11,4970.62,PM04,Completed
PAY000246,ACC00225,2025-08-30,2604.98,PM01,Completed
PAY000247,ACC00226,2025-08-04,639.6,PM06,Completed
PAY000248,ACC00227,2024-01-24,507.11,PM02,Failed
PAY000249,ACC00227,2025-08-04,4110.98,PM04,Completed
PAY000250,ACC00229,2025-04-12,2683.07,PM03,Completed
PAY000251,ACC00230,2025-04-15,1971.61,PM03,Completed
PAY000252,ACC00230,2025-07-08,2739.47,PM04,Completed
PAY000253,ACC00231,2024-03-25,2760.69,PM05,Failed
PAY000254,ACC00231,2025-05-06,251.12,PM06,Completed
PAY000255,ACC00233,2025-08-26,1282.75,PM02,Completed
PAY000256,ACC00236,2025-04-01,4417.78,PM01,Completed
PAY000257,ACC00236,2024-11-21,3246.52,PM01,Completed
PAY000258,ACC00237,2024-12-03,4816.12,PM02,Completed
PAY000259,ACC00238,2024-01-19,4246.93,PM01,Completed
PAY000260,ACC00240,2024-11-27,2085.02,PM04,Completed
PAY000261,ACC00241,2025-01-19,1289.4,PM05,Completed
PAY000262,ACC00242,2024-10-06,783.94,PM04,Completed
PAY000263,ACC00246,2024-01-17,2718.42,PM04,Completed
PAY000264,ACC00246,2024-04-03,731.98,PM03,Completed
PAY000265,ACC00247,2025-04-02,4842.32,PM02,Completed
PAY000266,ACC00249,2024-05-24,4441.85,PM01,Completed
PAY000267,ACC00249,2025-05-23,722.92,PM02,Completed
PAY000268,ACC00250,2025-01-02,1592.29,PM03,Completed
PAY000269,ACC00251,2024-08-15,91.69,PM02,Completed
PAY000270,ACC00251,2024-03-30,3869.37,PM01,Completed
PAY000271,ACC00251,2024-05-22,2767.31,PM02,Completed
PAY000272,ACC00252,2024-03-12,4874.04,PM03,Completed
PAY000273,ACC00253,2024-01-19,2018.03,PM02,Failed
PAY000274,ACC00254,2024-03-03,324.14,PM02,Completed
PAY000275,ACC00254,2025-03-12,682.54,PM02,Completed
PAY000276,ACC00255,2024-05-26,3630.86,PM02,Completed
PAY000277,ACC00256,2024-06-28,2860.6,PM01,Failed
PAY000278,ACC00256,2025-10-04,669.21,PM02,Completed
PAY000279,ACC00257,2024-09-27,107.07,PM05,Completed
PAY000280,ACC00258,2025-03-21,4083.74,PM04,Completed
PAY000281,ACC00258,2024-09-21,4854.69,PM02,Completed
PAY000282,ACC00259,2024-06-30,2123.86,PM04,Reversed
PAY000283,ACC00260,2025-10-11,174.51,PM02,Failed
PAY000284,ACC00261,2024-12-06,3609.93,PM01,Completed
PAY000285,ACC00262,2024-07-28,4234.45,PM06,Completed
PAY000286,ACC00262,2024-09-22,2138.19,PM01,Completed
PAY000287,ACC00263,2025-02-23,1623.36,PM02,Completed
PAY000288,ACC00265,2025-04-14,2292.66,PM03,Completed
PAY000289,ACC00267,2025-03-04,1787.86,PM03,Completed
PAY000290,ACC00268,2025-02-13,1416.51,PM06,Failed
PAY000291,ACC00270,2025-03-28,2751.6,PM04,Completed
PAY000292,ACC00270,2025-06-06,3136.55,PM04,Completed
PAY000293,ACC00270,2025-04-29,840.24,PM02,Completed
PAY000294,ACC00272,2024-01-16,588.82,PM01,Reversed
PAY000295,ACC00273,2025-05-27,4869.09,PM02,Reversed
PAY000296,ACC00275,2024-10-05,1570.83,PM04,Completed
PAY000297,ACC00276,2025-01-22,796.54,PM02,Failed
PAY000298,ACC00277,2025-10-14,3704.36,PM02,Completed
PAY000299,ACC00278,2024-12-31,135.1,PM02,Completed
PAY000300,ACC00279,2024-10-10,485.31,PM04,Completed
PAY000301,ACC00281,2025-09-19,2774.63,PM02,Completed
PAY000302,ACC00282,2025-04-19,2173.72,PM01,Failed
PAY000303,ACC00283,2024-12-11,2527.19,PM03,Completed
PAY000304,ACC00284,2024-07-02,1422.28,PM03,Completed
PAY000305,ACC00284,2025-03-05,2055.5,PM02,Reversed
PAY000306,ACC00285,2024-01-19,548.74,PM02,Completed
PAY000307,ACC00285,2024-02-14,4396.91,PM01,Completed
PAY000308,ACC00286,2025-11-03,3644.73,PM03,Completed
PAY000309,ACC00287,2024-01-31,1589.23,PM01,Completed
PAY000310,ACC00288,2025-06-24,1236.6,PM02,Failed
PAY000311,ACC00288,2024-05-25,4367.86,PM01,Completed
PAY000312,ACC00289,2024-02-29,3509.39,PM01,Completed
PAY000313,ACC00291,2025-08-29,295.02,PM03,Failed
PAY000314,ACC00293,2024-01-14,2400.48,PM01,Failed
PAY000315,ACC00296,2024-04-11,3278.55,PM02,Completed
PAY000316,ACC00297,2024-04-17,4426.33,PM04,Completed
PAY000317,ACC00299,2024-12-29,3768.72,PM03,Completed
PAY000318,ACC00299,2024-02-22,2930.08,PM03,Completed
PAY000319,ACC00299,2024-10-18,4116.3,PM04,Completed
PAY000320,ACC00300,2025-01-08,431.35,PM05,Completed
PAY000321,ACC00301,2024-12-14,3545.54,PM01,Completed
PAY000322,ACC00301,2024-01-24,2666.0,PM02,Completed
PAY000323,ACC00301,2025-03-30,731.13,PM02,Completed
PAY000324,ACC00302,2024-02-27,4730.19,PM03,Completed
PAY000325,ACC00305,2024-04-23,4182.21,PM04,Completed
PAY000326,ACC00307,2025-09-02,4939.83,PM04,Completed
PAY000327,ACC00308,2025-05-17,2451.57,PM04,Completed
PAY000328,ACC00309,2024-02-11,4323.29,PM02,Completed
PAY000329,ACC00309,2024-01-08,123.88,PM01,Completed
PAY000330,ACC00310,2025-07-16,4342.3,PM02,Completed
PAY000331,ACC00310,2025-05-27,1321.62,PM01,Completed
PAY000332,ACC00311,2024-07-17,4387.88,PM04,Completed
PAY000333,ACC00311,2024-07-09,1983.98,PM01,Failed
PAY000334,ACC00313,2025-09-08,1794.44,PM03,Completed
PAY000335,ACC00313,2025-04-11,148.62,PM02,Completed
PAY000336,ACC00313,2025-03-29,2212.81,PM03,Completed
PAY000337,ACC00314,2024-09-08,4661.01,PM02,Reversed
PAY000338,ACC00315,2024-05-25,621.43,PM01,Completed
PAY000339,ACC00316,2024-11-01,71.84,PM04,Completed
PAY000340,ACC00317,2024-08-10,4708.03,PM01,Completed
PAY000341,ACC00317,2025-10-26,3919.76,PM02,Completed
PAY000342,ACC00317,2024-10-15,3489.45,PM04,Completed
PAY000343,ACC00318,2024-08-15,4283.63,PM02,Completed
PAY000344,ACC00319,2024-08-13,580.33,PM01,Completed
PAY000345,ACC00320,2024-03-17,1181.73,PM04,Completed
PAY000346,ACC00322,2024-03-13,3830.07,PM02,Completed
PAY000347,ACC00323,2025-02-01,3981.23,PM03,Completed
PAY000348,ACC00323,2024-08-24,4319.38,PM03,Failed
PAY000349,ACC00324,2025-07-17,134.53,PM01,Completed
PAY000350,ACC00326,2025-05-25,819.57,PM02,Completed
PAY000351,ACC00326,2025-06-01,2151.21,PM04,Completed
PAY000352,ACC00327,2024-11-23,1638.71,PM02,Completed
PAY000353,ACC00327,2024-04-23,4533.87,PM01,Completed
PAY000354,ACC00327,2025-05-19,1209.34,PM02,Completed
PAY000355,ACC00328,2025-07-30,1843.29,PM02,Completed
PAY000356,ACC00330,2025-10-16,3012.86,PM01,Completed
PAY000357,ACC00330,2024-06-13,809.87,PM01,Completed
PAY000358,ACC00331,2025-03-21,1880.57,PM04,Failed
PAY000359,ACC00331,2024-10-13,749.66,PM02,Completed
PAY000360,ACC00332,2025-03-28,352.67,PM01,Completed
PAY000361,ACC00333,2024-05-05,3785.76,PM02,Failed
PAY000362,ACC00334,2025-10-18,3627.17,PM04,Completed
PAY000363,ACC00335,2025-05-13,2673.88,PM02,Reversed
PAY000364,ACC00336,2025-03-28,1543.48,PM02,Completed
PAY000365,ACC00336,2024-11-28,1947.45,PM03,Completed
PAY000366,ACC00339,2025-02-07,780.13,PM03,Completed
PAY000367,ACC00340,2025-07-22,276.18,PM02,Completed
PAY000368,ACC00341,2024-09-13,4467.22,PM01,Completed
PAY000369,ACC00342,2024-05-27,4182.43,PM02,Completed
PAY000370,ACC00343,2024-12-12,4608.19,PM01,Completed
PAY000371,ACC00344,2024-05-21,4470.93,PM02,Completed
PAY000372,ACC00345,2025-05-31,2061.86,PM04,Completed
PAY000373,ACC00346,2024-01-31,4683.83,PM04,Completed
PAY000374,ACC00347,2025-08-28,3484.91,PM03,Completed
PAY000375,ACC00347,2025-01-14,1766.92,PM04,Completed
PAY000376,ACC00347,2024-01-27,3039.72,PM03,Failed
PAY000377,ACC00349,2025-03-04,1670.49,PM03,Reversed
PAY000378,ACC00350,2025-03-15,1605.64,PM06,Completed
PAY000379,ACC00350,2025-11-29,2278.65,PM03,Completed
PAY000380,ACC00351,2025-05-27,3567.87,PM02,Completed
PAY000381,ACC00351,2024-12-18,431.02,PM02,Completed
PAY000382,ACC00352,2024-01-29,1335.38,PM01,Completed
PAY000383,ACC00352,2024-07-04,3760.42,PM02,Failed
PAY000384,ACC00354,2024-07-03,4721.28,PM01,Completed
PAY000385,ACC00354,2024-05-30,421.31,PM02,Completed
PAY000386,ACC00355,2025-01-14,3053.4,PM03,Completed
PAY000387,ACC00356,2024-04-19,1507.91,PM02,Completed
PAY000388,ACC00356,2025-09-23,1480.3,PM04,Completed
PAY000389,ACC00356,2025-07-19,210.29,PM02,Completed
PAY000390,ACC00359,2025-08-15,4042.03,PM01,Completed
PAY000391,ACC00361,2025-02-27,3983.83,PM06,Reversed
PAY000392,ACC00361,2024-01-15,1367.4,PM01,Reversed
PAY000393,ACC00362,2024-10-02,2140.4,PM02,Completed
PAY000394,ACC00365,2024-01-20,447.91,PM05,Failed
PAY000395,ACC00366,2025-04-01,1745.05,PM04,Completed
PAY000396,ACC00366,2024-01-12,1031.51,PM05,Completed
PAY000397,ACC00366,2024-07-08,1306.34,PM02,Completed
PAY000398,ACC00367,2025-08-14,4051.28,PM01,Completed
PAY000399,ACC00369,2025-03-30,2798.27,PM02,Completed
PAY000400,ACC00370,2025-07-30,4651.66,PM01,Completed
PAY000401,ACC00371,2024-06-09,3083.1,PM04,Completed
PAY000402,ACC00372,2024-11-28,3703.89,PM01,Completed
PAY000403,ACC00372,2024-08-18,4956.97,PM01,Completed
PAY000404,ACC00372,2025-05-20,842.32,PM01,Failed
PAY000405,ACC00373,2025-01-31,1527.4,PM01,Completed
PAY000406,ACC00374,2025-03-15,3606.71,PM01,Failed
PAY000407,ACC00374,2025-04-08,899.65,PM02,Completed
PAY000408,ACC00375,2025-07-20,1066.77,PM03,Completed
PAY000409,ACC00375,2025-05-15,2952.6,PM02,Completed
PAY000410,ACC00377,2025-06-01,4089.52,PM04,Completed
PAY000411,ACC00377,2025-03-04,3780.01,PM03,Reversed
PAY000412,ACC00378,2024-01-23,3342.28,PM01,Completed
PAY000413,ACC00378,2024-04-15,900.2,PM02,Failed
PAY000414,ACC00382,2024-11-02,211.24,PM04,Completed
PAY000415,ACC00383,2025-08-09,908.1,PM05,Completed
PAY000416,ACC00385,2024-09-10,880.47,PM01,Completed
PAY000417,ACC00385,2025-01-01,1902.49,PM01,Completed
PAY000418,ACC00385,2025-10-29,4868.46,PM04,Completed
PAY000419,ACC00387,2024-08-19,3991.26,PM06,Completed
PAY000420,ACC00387,2025-11-30,2053.86,PM04,Completed
PAY000421,ACC00388,2025-07-21,3927.67,PM04,Completed
PAY000422,ACC00389,2024-09-08,4256.52,PM01,Completed
PAY000423,ACC00390,2024-06-16,4068.64,PM02,Completed
PAY000424,ACC00392,2025-07-05,675.31,PM06,Completed
PAY000425,ACC00393,2024-10-02,4404.53,PM04,Completed
PAY000426,ACC00393,2024-02-28,3012.3,PM02,Completed
PAY000427,ACC00393,2024-11-16,3093.2,PM05,Completed
PAY000428,ACC00394,2024-04-30,2037.37,PM01,Reversed
PAY000429,ACC00394,2024-03-18,1889.89,PM02,Completed
PAY000430,ACC00394,2024-06-12,952.15,PM01,Completed
PAY000431,ACC00395,2024-10-01,4513.35,PM03,Completed
PAY000432,ACC00395,2024-12-16,2950.49,PM03,Completed
PAY000433,ACC00397,2024-08-22,3626.61,PM01,Completed
PAY000434,ACC00399,2024-10-07,4272.58,PM02,Completed
PAY000435,ACC00400,2025-02-12,4533.25,PM02,Completed
PAY000436,ACC00401,2025-09-27,3843.94,PM02,Completed
PAY000437,ACC00401,2024-01-28,3316.23,PM01,Completed
PAY000438,ACC00402,2024-10-02,352.37,PM02,Completed
PAY000439,ACC00402,2024-06-19,3470.86,PM03,Completed
PAY000440,ACC00403,2024-12-29,1088.92,PM01,Completed
PAY000441,ACC00403,2024-05-22,1532.59,PM01,Completed
PAY000442,ACC00404,2024-02-20,4590.76,PM02,Completed
PAY000443,ACC00405,2024-05-23,677.91,PM02,Completed
PAY000444,ACC00406,2024-09-14,512.45,PM04,Completed
PAY000445,ACC00407,2024-09-17,3517.04,PM03,Completed
PAY000446,ACC00408,2024-04-22,4847.18,PM02,Completed
PAY000447,ACC00409,2025-07-09,2488.91,PM02,Completed
PAY000448,ACC00410,2025-08-11,1210.67,PM01,Completed
PAY000449,ACC00412,2025-07-25,4369.41,PM02,Completed
PAY000450,ACC00413,2024-06-18,3344.29,PM02,Completed
PAY000451,ACC00413,2025-03-19,1701.04,PM02,Failed
PAY000452,ACC00413,2025-05-30,2660.09,PM04,Completed
PAY000453,ACC00415,2024-06-24,2214.35,PM06,Completed
PAY000454,ACC00415,2025-05-04,139.05,PM01,Completed
PAY000455,ACC00416,2025-02-11,3905.65,PM02,Completed
PAY000456,ACC00417,2024-08-09,1628.47,PM04,Completed
PAY000457,ACC00418,2025-08-22,904.44,PM02,Completed
PAY000458,ACC00419,2024-01-09,1795.71,PM04,Completed
PAY000459,ACC00419,2025-11-10,3796.82,PM05,Completed
PAY000460,ACC00420,2025-04-02,2965.46,PM01,Completed
PAY000461,ACC00420,2024-09-14,498.67,PM04,Completed
PAY000462,ACC00420,2024-06-22,1403.96,PM04,Completed
PAY000463,ACC00421,2025-08-10,116.55,PM01,Completed
PAY000464,ACC00422,2025-03-03,2244.75,PM02,Failed
PAY000465,ACC00422,2024-05-17,4596.88,PM02,Completed
PAY000466,ACC00423,2024-02-23,1011.32,PM06,Completed
PAY000467,ACC00423,2024-03-09,244.72,PM02,Completed
PAY000468,ACC00424,2025-09-21,467.79,PM01,Completed
PAY000469,ACC00424,2024-08-12,2716.78,PM01,Completed
PAY000470,ACC00427,2024-04-05,1942.49,PM01,Completed
PAY000471,ACC00427,2024-01-06,155.28,PM03,Completed
PAY000472,ACC00428,2025-04-17,2029.87,PM02,Completed
PAY000473,ACC00429,2025-03-04,4879.3,PM04,Completed
PAY000474,ACC00430,2025-02-04,3580.48,PM02,Completed
PAY000475,ACC00430,2024-12-28,1179.93,PM01,Completed
PAY000476,ACC00432,2024-04-02,775.74,PM02,Completed
PAY000477,ACC00433,2024-04-23,1031.23,PM01,Failed
PAY000478,ACC00434,2024-01-13,1331.93,PM03,Completed
PAY000479,ACC00435,2025-03-21,3591.31,PM02,Failed
PAY000480,ACC00435,2025-02-02,1474.14,PM02,Failed
PAY000481,ACC00436,2024-07-20,3309.54,PM02,Completed
PAY000482,ACC00436,2025-02-01,2130.11,PM02,Completed
PAY000483,ACC00436,2024-02-02,3960.69,PM02,Completed
PAY000484,ACC00437,2024-07-03,1423.34,PM03,Completed
PAY000485,ACC00438,2024-03-12,545.43,PM02,Failed
PAY000486,ACC00439,2024-01-21,2497.35,PM06,Failed
PAY000487,ACC00440,2024-07-12,253.82,PM01,Completed
PAY000488,ACC00442,2025-03-31,434.96,PM02,Completed
PAY000489,ACC00443,2024-08-12,1709.44,PM02,Completed
PAY000490,ACC00445,2025-08-09,4987.29,PM02,Completed
PAY000491,ACC00445,2024-06-18,2703.53,PM02,Completed
PAY000492,ACC00446,2025-01-22,2819.09,PM04,Completed
PAY000493,ACC00446,2024-02-12,1029.41,PM02,Completed
PAY000494,ACC00447,2024-09-29,4788.53,PM01,Completed
PAY000495,ACC00448,2024-08-20,4433.9,PM02,Completed
PAY000496,ACC00449,2024-10-01,1428.71,PM01,Completed
PAY000497,ACC00450,2025-08-27,210.88,PM03,Failed
PAY000498,ACC00451,2025-05-03,2165.34,PM02,Completed
PAY000499,ACC00451,2024-11-08,2082.3,PM02,Completed
PAY000500,ACC00453,2025-06-01,1415.25,PM06,Completed
PAY000501,ACC00454,2025-02-09,3774.59,PM03,Completed
PAY000502,ACC00455,2024-12-25,2099.76,PM04,Completed
PAY000503,ACC00455,2025-04-23,3787.34,PM01,Failed
PAY000504,ACC00456,2024-03-09,3485.33,PM02,Completed
PAY000505,ACC00457,2025-06-13,4694.99,PM03,Completed
PAY000506,ACC00459,2024-06-19,3896.5,PM02,Completed
PAY000507,ACC00460,2024-02-11,4196.26,PM03,Completed
PAY000508,ACC00461,2024-10-24,3776.85,PM06,Completed
PAY000509,ACC00462,2024-12-11,1277.49,PM04,Completed
PAY000510,ACC00463,2025-03-11,183.9,PM02,Completed
PAY000511,ACC00464,2025-03-26,2052.53,PM03,Completed
PAY000512,ACC00465,2024-05-03,3687.73,PM02,Completed
PAY000513,ACC00465,2025-03-06,4560.56,PM02,Failed
PAY000514,ACC00466,2024-03-24,2288.0,PM03,Completed
PAY000515,ACC00467,2025-03-17,1680.98,PM02,Completed
PAY000516,ACC00468,2024-02-17,2884.57,PM02,Completed
PAY000517,ACC00469,2025-11-27,3483.32,PM04,Completed
PAY000518,ACC00470,2025-05-30,169.15,PM04,Reversed
PAY000519,ACC00470,2024-11-18,4248.39,PM04,Completed
PAY000520,ACC00471,2025-10-14,4150.76,PM02,Completed
PAY000521,ACC00471,2025-04-11,2827.12,PM01,Completed
PAY000522,ACC00472,2024-03-20,3630.28,PM02,Completed
PAY000523,ACC00472,2024-01-31,4202.73,PM02,Completed
PAY000524,ACC00473,2025-02-15,4812.68,PM04,Completed
PAY000525,ACC00473,2024-01-16,2922.07,PM02,Failed
PAY000526,ACC00475,2025-09-22,4091.19,PM01,Reversed
PAY000527,ACC00475,2024-06-12,2122.46,PM02,Completed
PAY000528,ACC00476,2024-07-27,497.66,PM04,Completed
PAY000529,ACC00477,2024-01-07,1574.41,PM02,Failed
PAY000530,ACC00477,2024-09-25,830.79,PM01,Completed
PAY000531,ACC00478,2025-08-28,1210.37,PM02,Reversed
PAY000532,ACC00479,2025-11-21,1547.31,PM04,Reversed
PAY000533,ACC00479,2025-10-17,1447.27,PM03,Completed
PAY000534,ACC00480,2025-09-17,4969.73,PM06,Completed
PAY000535,ACC00480,2025-09-05,4106.65,PM01,Completed
PAY000536,ACC00481,2024-01-03,2675.98,PM02,Reversed
PAY000537,ACC00482,2024-10-05,3725.37,PM01,Failed
PAY000538,ACC00482,2024-10-11,318.8,PM03,Completed
PAY000539,ACC00482,2024-05-30,4119.03,PM04,Completed
PAY000540,ACC00484,2024-04-24,4640.74,PM02,Completed
PAY000541,ACC00484,2025-01-30,1391.84,PM03,Reversed
PAY000542,ACC00485,2024-04-26,2920.5,PM02,Completed
PAY000543,ACC00486,2024-02-23,1300.36,PM01,Completed
PAY000544,ACC00486,2025-08-17,4511.2,PM05,Completed
PAY000545,ACC00487,2024-04-05,2271.4,PM02,Completed
PAY000546,ACC00489,2025-09-05,1526.8,PM06,Completed
PAY000547,ACC00490,2024-02-19,2720.14,PM01,Completed
PAY000548,ACC00491,2024-03-08,2667.03,PM02,Completed
PAY000549,ACC00492,2025-02-28,3863.45,PM02,Completed
PAY000550,ACC00493,2025-06-23,3319.54,PM02,Failed
PAY000551,ACC00493,2024-01-20,3315.87,PM02,Completed
PAY000552,ACC00494,2025-08-01,3175.16,PM01,Completed
PAY000553,ACC00494,2024-03-31,2143.76,PM01,Completed
PAY000554,ACC00494,2025-08-29,4428.56,PM03,Completed
PAY000555,ACC00495,2024-04-22,1989.97,PM01,Completed
PAY000556,ACC00500,2025-04-12,917.39,PM01,Completed
PAY000557,ACC00501,2024-07-18,1439.02,PM03,Failed
PAY000558,ACC00501,2024-08-11,3169.56,PM02,Completed
PAY000559,ACC00501,2024-07-07,2633.51,PM03,Completed
PAY000560,ACC00502,2025-05-11,104.21,PM04,Completed
PAY000561,ACC00502,2024-10-29,755.89,PM04,Failed
PAY000562,ACC00504,2024-08-08,495.62,PM02,Completed
PAY000563,ACC00504,2024-06-08,1280.79,PM06,Completed
PAY000564,ACC00506,2025-08-06,4637.88,PM02,Failed
PAY000565,ACC00506,2024-03-01,3817.17,PM01,Completed
PAY000566,ACC00506,2024-01-01,1249.3,PM01,Completed
PAY000567,ACC00507,2024-11-11,3507.09,PM01,Completed
PAY000568,ACC00508,2025-05-28,4085.01,PM04,Completed
PAY000569,ACC00509,2024-10-12,4374.83,PM03,Reversed
PAY000570,ACC00509,2024-10-05,2756.58,PM04,Failed
PAY000571,ACC00511,2025-08-06,2612.97,PM02,Completed
PAY000572,ACC00511,2024-10-10,803.74,PM05,Completed
PAY000573,ACC00514,2025-01-25,3888.54,PM02,Completed
PAY000574,ACC00515,2025-02-21,1895.52,PM02,Completed
PAY000575,ACC00515,2024-11-13,4561.29,PM02,Completed
PAY000576,ACC00515,2025-11-13,299.96,PM05,Completed
PAY000577,ACC00516,2025-09-11,4808.17,PM02,Completed
PAY000578,ACC00517,2024-05-11,409.72,PM01,Completed
PAY000579,ACC00518,2025-08-05,4468.07,PM02,Completed
PAY000580,ACC00519,2025-08-27,3303.66,PM05,Failed
PAY000581,ACC00521,2025-09-09,1277.34,PM04,Completed
PAY000582,ACC00521,2024-11-24,4332.55,PM04,Completed
PAY000583,ACC00521,2025-02-13,2502.39,PM02,Completed
PAY000584,ACC00522,2025-01-16,1540.48,PM05,Completed
PAY000585,ACC00523,2025-06-21,4341.32,PM01,Completed
PAY000586,ACC00524,2025-09-14,1040.7,PM04,Completed
PAY000587,ACC00525,2024-07-13,816.05,PM06,Completed
PAY000588,ACC00530,2025-10-30,4653.23,PM06,Completed
PAY000589,ACC00532,2024-03-09,3277.71,PM06,Completed
PAY000590,ACC00533,2024-02-04,2841.91,PM04,Completed
PAY000591,ACC00534,2024-05-01,2895.81,PM01,Completed
PAY000592,ACC00535,2025-10-12,214.2,PM04,Completed
PAY000593,ACC00536,2025-03-21,1949.53,PM03,Failed
PAY000594,ACC00538,2024-05-18,3124.37,PM02,Completed
PAY000595,ACC00538,2025-10-26,1205.98,PM01,Completed
PAY000596,ACC00539,2024-02-01,2161.8,PM02,Completed
PAY000597,ACC00539,2025-09-15,4719.22,PM05,Completed
PAY000598,ACC00540,2025-09-27,2863.51,PM02,Failed
PAY000599,ACC00541,2025-07-12,218.08,PM05,Reversed
PAY000600,ACC00541,2025-01-13,71.35,PM02,Completed
PAY000601,ACC00541,2025-04-30,4679.45,PM03,Completed
PAY000602,ACC00542,2025-02-22,2181.54,PM02,Failed
PAY000603,ACC00543,2025-05-06,4580.99,PM01,Completed
PAY000604,ACC00544,2024-10-24,1277.15,PM04,Completed
PAY000605,ACC00545,2025-05-17,1624.04,PM02,Completed
PAY000606,ACC00545,2024-03-15,3112.43,PM03,Completed
PAY000607,ACC00545,2025-02-18,2476.45,PM01,Completed
PAY000608,ACC00548,2024-12-24,3799.97,PM01,Completed
PAY000609,ACC00549,2024-07-02,1700.95,PM06,Completed
PAY000610,ACC00549,2025-09-28,3625.06,PM03,Completed
PAY000611,ACC00550,2025-06-12,249.56,PM02,Completed
PAY000612,ACC00551,2024-07-07,1587.02,PM04,Failed
PAY000613,ACC00552,2024-10-20,1391.12,PM02,Completed
PAY000614,ACC00552,2025-03-17,2696.0,PM01,Completed
PAY000615,ACC00553,2024-08-18,4844.97,PM02,Completed
PAY000616,ACC00553,2024-01-06,1640.7,PM03,Completed
PAY000617,ACC00554,2025-09-14,218.87,PM01,Completed
PAY000618,ACC00554,2025-07-24,494.65,PM04,Reversed
PAY000619,ACC00555,2025-11-04,1768.21,PM01,Completed
PAY000620,ACC00556,2025-01-27,3044.84,PM01,Completed
PAY000621,ACC00558,2025-06-05,3722.84,PM01,Completed
PAY000622,ACC00558,2024-04-07,1339.83,PM02,Failed
PAY000623,ACC00559,2025-09-26,3031.27,PM02,Completed
PAY000624,ACC00559,2024-04-29,2484.89,PM05,Completed
PAY000625,ACC00560,2024-02-21,4466.69,PM02,Completed
PAY000626,ACC00561,2024-11-14,2720.9,PM02,Completed
PAY000627,ACC00561,2024-01-19,4619.44,PM06,Completed
PAY000628,ACC00562,2024-06-02,169.46,PM01,Failed
PAY000629,ACC00562,2024-08-02,843.58,PM02,Completed
PAY000630,ACC00563,2024-02-10,4112.8,PM01,Completed
PAY000631,ACC00563,2025-07-21,3160.29,PM02,Failed
PAY000632,ACC00563,2024-01-22,111.62,PM03,Completed
PAY000633,ACC00564,2024-06-10,4855.59,PM03,Completed
PAY000634,ACC00565,2025-03-23,1058.43,PM03,Completed
PAY000635,ACC00566,2025-03-03,989.87,PM01,Completed
PAY000636,ACC00567,2024-11-03,4544.02,PM02,Completed
PAY000637,ACC00567,2024-02-24,2462.54,PM04,Failed
PAY000638,ACC00567,2025-06-01,2440.69,PM03,Completed
PAY000639,ACC00568,2025-09-02,3592.41,PM01,Reversed
PAY000640,ACC00568,2025-09-05,4203.52,PM03,Completed
PAY000641,ACC00568,2025-10-06,1150.67,PM04,Completed
PAY000642,ACC00570,2024-05-28,526.43,PM04,Completed
PAY000643,ACC00571,2025-07-20,856.9,PM02,Completed
PAY000644,ACC00572,2024-07-09,3298.18,PM03,Completed
PAY000645,ACC00574,2025-12-01,139.54,PM03,Completed
PAY000646,ACC00574,2024-08-19,84.7,PM03,Completed
PAY000647,ACC00574,2025-05-03,1428.65,PM06,Completed
PAY000648,ACC00575,2024-02-28,3410.61,PM04,Completed
PAY000649,ACC00577,2024-07-20,1481.91,PM01,Completed
PAY000650,ACC00578,2025-09-24,2904.07,PM02,Completed
PAY000651,ACC00578,2025-03-07,1968.06,PM04,Completed
PAY000652,ACC00579,2025-02-21,3806.77,PM01,Completed
PAY000653,ACC00580,2024-01-03,732.45,PM02,Reversed
PAY000654,ACC00581,2025-07-01,2456.5,PM02,Completed
PAY000655,ACC00582,2025-04-04,2608.84,PM01,Failed
PAY000656,ACC00584,2024-02-23,2009.26,PM02,Completed
PAY000657,ACC00584,2025-03-20,689.87,PM04,Completed
PAY000658,ACC00584,2025-06-27,3184.77,PM04,Completed
PAY000659,ACC00585,2024-01-09,104.2,PM03,Completed
PAY000660,ACC00586,2024-02-14,340.58,PM02,Reversed
PAY000661,ACC00587,2025-10-16,165.36,PM01,Completed
PAY000662,ACC00587,2024-09-25,3848.59,PM02,Completed
PAY000663,ACC00588,2025-01-14,1865.01,PM02,Completed
PAY000664,ACC00589,2025-08-11,1992.49,PM03,Completed
PAY000665,ACC00589,2024-02-20,262.84,PM03,Completed
PAY000666,ACC00590,2025-04-19,2490.33,PM02,Failed
PAY000667,ACC00590,2024-10-29,1403.1,PM03,Completed
PAY000668,ACC00591,2024-05-20,2806.34,PM01,Completed
PAY000669,ACC00592,2024-10-19,498.29,PM05,Completed
PAY000670,ACC00593,2025-10-07,2996.45,PM02,Completed
PAY000671,ACC00594,2024-12-24,4202.89,PM02,Completed
PAY000672,ACC00595,2024-12-04,4341.43,PM02,Completed
PAY000673,ACC00596,2025-01-14,2500.46,PM01,Completed
PAY000674,ACC00597,2025-02-21,4067.51,PM02,Completed
PAY000675,ACC00599,2024-05-22,2265.84,PM02,Completed
PAY000676,ACC00600,2025-10-17,4611.45,PM01,Completed
PAY000677,ACC00603,2024-03-05,401.48,PM02,Completed
PAY000678,ACC00603,2024-07-22,1190.48,PM03,Completed
PAY000679,ACC00604,2024-04-02,1614.37,PM02,Failed
PAY000680,ACC00604,2024-02-25,356.1,PM02,Completed
PAY000681,ACC00606,2024-03-17,1572.57,PM01,Completed
PAY000682,ACC00607,2024-02-27,3673.02,PM03,Reversed
PAY000683,ACC00608,2024-04-09,4697.9,PM03,Completed
PAY000684,ACC00609,2025-08-20,659.39,PM01,Completed
PAY000685,ACC00609,2024-03-22,3204.26,PM04,Failed
PAY000686,ACC00609,2025-06-28,4686.81,PM02,Reversed
PAY000687,ACC00610,2025-02-18,1972.3,PM02,Completed
PAY000688,ACC00610,2024-05-06,1645.23,PM02,Completed
PAY000689,ACC00611,2024-09-27,2010.14,PM03,Completed
PAY000690,ACC00612,2025-01-18,969.39,PM03,Completed
PAY000691,ACC00612,2024-09-05,4245.45,PM06,Completed
PAY000692,ACC00612,2024-03-31,79.6,PM02,Completed
PAY000693,ACC00613,2025-07-31,1831.41,PM01,Completed
PAY000694,ACC00614,2024-08-10,3466.51,PM01,Failed
PAY000695,ACC00615,2025-05-05,1091.15,PM01,Completed
PAY000696,ACC00616,2025-02-18,4349.46,PM02,Completed
PAY000697,ACC00616,2024-05-16,4086.61,PM02,Completed
PAY000698,ACC00616,2025-04-16,3281.07,PM02,Failed
PAY000699,ACC00617,2025-03-25,4668.61,PM02,Completed
PAY000700,ACC00619,2024-12-12,1229.58,PM03,Completed
PAY000701,ACC00619,2024-07-05,3459.26,PM01,Completed
PAY000702,ACC00621,2024-07-12,2605.52,PM01,Completed
PAY000703,ACC00622,2024-08-05,399.48,PM06,Completed
PAY000704,ACC00623,2024-06-01,3379.71,PM04,Completed
PAY000705,ACC00624,2024-11-24,1380.21,PM04,Completed
PAY000706,ACC00625,2025-02-02,1651.86,PM01,Failed
PAY000707,ACC00626,2025-09-15,4799.02,PM03,Completed
PAY000708,ACC00629,2024-10-18,815.89,PM06,Completed
PAY000709,ACC00629,2025-03-18,795.21,PM06,Completed
PAY000710,ACC00631,2025-04-23,2100.13,PM01,Failed
PAY000711,ACC00632,2024-02-04,1528.75,PM06,Completed
PAY000712,ACC00632,2025-05-04,67.07,PM01,Failed
PAY000713,ACC00633,2024-02-23,1708.54,PM01,Completed
PAY000714,ACC00634,2025-09-30,3169.36,PM02,Completed
PAY000715,ACC00636,2025-10-17,3653.23,PM02,Completed
PAY000716,ACC00636,2024-05-15,3393.22,PM04,Completed
PAY000717,ACC00637,2025-04-29,876.67,PM04,Completed
PAY000718,ACC00637,2025-04-09,4633.72,PM02,Completed
PAY000719,ACC00638,2025-03-16,248.05,PM04,Completed
PAY000720,ACC00638,2025-02-18,4911.45,PM01,Completed
PAY000721,ACC00639,2025-02-17,4732.03,PM04,Completed
PAY000722,ACC00640,2024-10-16,2995.31,PM02,Completed
PAY000723,ACC00640,2025-10-23,4630.29,PM02,Completed
PAY000724,ACC00641,2025-08-07,4201.28,PM03,Completed
PAY000725,ACC00641,2024-10-11,433.06,PM04,Completed
PAY000726,ACC00641,2025-09-05,220.19,PM05,Completed
PAY000727,ACC00642,2024-11-18,1446.37,PM04,Completed
PAY000728,ACC00642,2025-11-08,3886.63,PM01,Failed
PAY000729,ACC00643,2024-08-09,4878.03,PM01,Completed
PAY000730,ACC00644,2025-01-25,3607.08,PM01,Completed
PAY000731,ACC00645,2025-06-30,4341.77,PM04,Completed
PAY000732,ACC00647,2025-07-29,130.6,PM05,Completed
PAY000733,ACC00648,2024-07-05,3510.11,PM03,Completed
PAY000734,ACC00649,2024-06-16,2978.31,PM01,Completed
PAY000735,ACC00649,2025-06-27,2513.65,PM03,Completed
PAY000736,ACC00649,2024-06-25,850.0,PM04,Failed
PAY000737,ACC00650,2025-04-17,367.86,PM03,Completed
PAY000738,ACC00651,2025-05-28,687.4,PM02,Failed
PAY000739,ACC00652,2025-10-20,1682.65,PM02,Completed
PAY000740,ACC00653,2024-10-24,1952.88,PM01,Completed
PAY000741,ACC00655,2024-09-18,1564.44,PM02,Completed
PAY000742,ACC00655,2025-08-11,4844.26,PM02,Reversed
PAY000743,ACC00656,2025-11-26,2246.92,PM02,Completed
PAY000744,ACC00657,2025-01-31,1245.14,PM01,Completed
PAY000745,ACC00659,2025-03-31,640.68,PM01,Completed
PAY000746,ACC00660,2024-03-01,464.19,PM02,Completed
PAY000747,ACC00660,2025-02-14,1647.13,PM01,Completed
PAY000748,ACC00661,2025-04-05,1425.03,PM03,Completed
PAY000749,ACC00661,2025-05-26,2023.06,PM03,Completed
PAY000750,ACC00661,2024-12-01,2492.99,PM04,Completed
PAY000751,ACC00663,2024-09-17,83.9,PM02,Completed
PAY000752,ACC00663,2025-01-30,3945.14,PM02,Completed
PAY000753,ACC00663,2025-02-28,1491.29,PM04,Failed
PAY000754,ACC00666,2024-09-18,4464.28,PM02,Completed
PAY000755,ACC00667,2024-09-23,3077.53,PM01,Completed
PAY000756,ACC00667,2024-10-30,4174.28,PM01,Failed
PAY000757,ACC00668,2025-02-20,134.09,PM05,Reversed
PAY000758,ACC00669,2024-11-21,3664.44,PM04,Failed
PAY000759,ACC00669,2025-04-08,1010.23,PM01,Completed
PAY000760,ACC00670,2024-11-01,4585.72,PM04,Completed
PAY000761,ACC00670,2025-06-08,273.85,PM03,Completed
PAY000762,ACC00671,2024-02-19,1155.53,PM02,Completed
PAY000763,ACC00672,2024-10-11,3356.47,PM03,Completed
PAY000764,ACC00672,2024-01-13,377.76,PM02,Completed
PAY000765,ACC00672,2025-09-13,4230.94,PM02,Completed
PAY000766,ACC00673,2025-08-12,1400.04,PM04,Completed
PAY000767,ACC00673,2024-06-05,1844.76,PM02,Completed
PAY000768,ACC00674,2025-06-23,259.07,PM01,Completed
PAY000769,ACC00675,2025-01-21,4939.89,PM04,Completed
PAY000770,ACC00676,2024-01-15,3213.83,PM02,Completed
PAY000771,ACC00676,2024-08-16,4446.94,PM02,Completed
PAY000772,ACC00676,2025-08-21,273.53,PM04,Completed
PAY000773,ACC00677,2025-03-18,1292.32,PM01,Completed
PAY000774,ACC00679,2024-02-15,1801.18,PM04,Reversed
PAY000775,ACC00679,2025-06-27,1694.01,PM03,Completed
PAY000776,ACC00680,2024-01-18,810.15,PM02,Failed
PAY000777,ACC00681,2025-07-31,2382.27,PM03,Completed
PAY000778,ACC00682,2025-04-16,4745.66,PM02,Completed
PAY000779,ACC00683,2024-03-09,1373.16,PM02,Completed
PAY000780,ACC00684,2025-06-19,2529.26,PM03,Completed
PAY000781,ACC00684,2024-05-12,3224.87,PM04,Completed
PAY000782,ACC00684,2025-02-09,1418.45,PM03,Failed
PAY000783,ACC00685,2024-06-11,883.16,PM01,Completed
PAY000784,ACC00686,2024-02-01,2765.75,PM03,Completed
PAY000785,ACC00686,2025-09-29,2128.95,PM04,Completed
PAY000786,ACC00687,2025-06-12,2245.09,PM01,Failed
PAY000787,ACC00688,2025-01-28,1107.5,PM02,Failed
PAY000788,ACC00689,2025-11-28,4069.22,PM01,Completed
PAY000789,ACC00689,2024-04-02,1509.76,PM02,Completed
PAY000790,ACC00689,2024-05-30,4117.43,PM04,Failed
PAY000791,ACC00690,2025-02-28,165.85,PM03,Completed
PAY000792,ACC00691,2024-06-05,764.84,PM01,Completed
PAY000793,ACC00692,2024-05-01,2917.39,PM02,Completed
PAY000794,ACC00693,2024-06-24,2887.38,PM01,Completed
PAY000795,ACC00693,2024-02-06,4893.54,PM03,Completed
PAY000796,ACC00693,2024-11-19,3586.61,PM04,Failed
PAY000797,ACC00694,2025-04-03,1438.81,PM01,Failed
PAY000798,ACC00695,2025-04-02,399.48,PM02,Completed
PAY000799,ACC00696,2025-03-06,2987.07,PM02,Completed
PAY000800,ACC00696,2024-03-20,2746.0,PM06,Failed
PAY000801,ACC00697,2024-02-10,2340.71,PM04,Completed
PAY000802,ACC00699,2024-11-24,2926.1,PM02,Completed
PAY000803,ACC00700,2025-09-15,879.86,PM04,Completed
PAY000804,ACC00701,2024-08-03,2244.3,PM02,Completed
PAY000805,ACC00701,2024-07-29,4799.45,PM02,Failed
PAY000806,ACC00702,2025-02-12,2025.78,PM01,Completed
PAY000807,ACC00705,2025-11-14,1702.01,PM03,Completed
PAY000808,ACC00707,2025-07-13,3252.85,PM01,Failed
PAY000809,ACC00707,2025-07-06,3295.53,PM02,Completed
PAY000810,ACC00708,2025-06-07,181.44,PM04,Failed
PAY000811,ACC00708,2025-05-15,3590.58,PM01,Completed
PAY000812,ACC00709,2025-09-02,2300.67,PM01,Completed
PAY000813,ACC00709,2024-05-15,2967.92,PM01,Completed
PAY000814,ACC00711,2024-08-24,2581.34,PM01,Failed
PAY000815,ACC00712,2025-03-23,2297.9,PM03,Completed
PAY000816,ACC00712,2024-02-17,2132.58,PM01,Completed
PAY000817,ACC00712,2024-12-01,4318.15,PM02,Completed
PAY000818,ACC00713,2024-08-18,1803.85,PM06,Completed
PAY000819,ACC00713,2025-04-01,1218.82,PM01,Completed
PAY000820,ACC00716,2024-08-11,3179.02,PM01,Completed
PAY000821,ACC00716,2025-11-28,3396.79,PM04,Completed
PAY000822,ACC00720,2025-09-09,2607.06,PM03,Completed
PAY000823,ACC00721,2024-10-13,4910.19,PM02,Completed
PAY000824,ACC00721,2025-07-04,1591.25,PM01,Reversed
PAY000825,ACC00722,2025-05-09,3522.73,PM06,Completed
PAY000826,ACC00723,2024-08-20,4261.62,PM06,Completed
PAY000827,ACC00723,2024-07-22,613.46,PM02,Reversed
PAY000828,ACC00724,2025-02-06,3028.62,PM04,Completed
PAY000829,ACC00725,2025-08-19,2279.15,PM03,Failed
PAY000830,ACC00725,2025-04-02,753.51,PM02,Failed
PAY000831,ACC00726,2024-11-05,1817.94,PM04,Completed
PAY000832,ACC00727,2024-09-26,4060.52,PM02,Completed
PAY000833,ACC00729,2024-08-25,4288.31,PM04,Completed
PAY000834,ACC00729,2024-11-01,1128.75,PM04,Completed
PAY000835,ACC00731,2024-08-11,1081.15,PM04,Completed
PAY000836,ACC00733,2025-05-25,842.83,PM02,Completed
PAY000837,ACC00734,2025-11-16,567.08,PM01,Completed
PAY000838,ACC00734,2025-02-06,1081.47,PM06,Completed
PAY000839,ACC00734,2024-02-08,1690.56,PM01,Failed
PAY000840,ACC00735,2025-11-08,4117.15,PM02,Completed
PAY000841,ACC00736,2024-11-03,3695.12,PM01,Failed
PAY000842,ACC00738,2024-09-17,3995.63,PM02,Completed
PAY000843,ACC00740,2024-07-31,4240.47,PM02,Completed
PAY000844,ACC00741,2025-02-02,3727.9,PM01,Completed
PAY000845,ACC00741,2025-08-09,457.54,PM02,Completed
PAY000846,ACC00742,2024-10-01,3068.31,PM03,Failed
PAY000847,ACC00743,2025-03-28,849.73,PM01,Completed
PAY000848,ACC00745,2024-04-06,3245.38,PM02,Completed
PAY000849,ACC00746,2024-04-11,4197.0,PM01,Completed
PAY000850,ACC00746,2025-11-14,339.94,PM02,Completed
PAY000851,ACC00746,2025-08-27,3485.27,PM02,Completed
PAY000852,ACC00747,2024-10-21,2977.88,PM01,Reversed
PAY000853,ACC00747,2024-05-08,3202.76,PM02,Completed
PAY000854,ACC00748,2024-07-25,800.24,PM04,Completed
PAY000855,ACC00749,2025-10-11,196.37,PM02,Failed
PAY000856,ACC00749,2025-10-23,976.46,PM02,Completed
PAY000857,ACC00749,2025-07-25,2289.48,PM04,Completed
PAY000858,ACC00751,2025-03-01,57.4,PM02,Reversed
PAY000859,ACC00751,2024-11-16,1425.53,PM03,Failed
PAY000860,ACC00752,2024-02-02,683.63,PM01,Failed
PAY000861,ACC00752,2025-11-27,3087.91,PM03,Completed
PAY000862,ACC00753,2024-03-15,2216.7,PM04,Completed
PAY000863,ACC00754,2024-08-14,3105.13,PM04,Completed
PAY000864,ACC00756,2025-04-08,3196.54,PM03,Completed
PAY000865,ACC00757,2025-02-17,3103.07,PM01,Completed
PAY000866,ACC00758,2024-12-24,2007.49,PM01,Completed
PAY000867,ACC00759,2024-11-10,4077.1,PM01,Failed
PAY000868,ACC00761,2025-05-16,379.1,PM04,Completed
PAY000869,ACC00762,2024-12-31,4473.46,PM03,Completed
PAY000870,ACC00763,2024-12-30,954.4,PM02,Completed
PAY000871,ACC00764,2025-01-19,508.77,PM04,Completed
PAY000872,ACC00765,2024-01-27,3974.42,PM01,Failed
PAY000873,ACC00766,2024-11-27,4017.83,PM01,Completed
PAY000874,ACC00766,2024-12-17,1081.02,PM01,Completed
PAY000875,ACC00767,2024-10-04,1316.3,PM04,Failed
PAY000876,ACC00767,2025-07-16,2690.55,PM02,Completed
PAY000877,ACC00767,2025-07-02,2370.67,PM01,Completed
PAY000878,ACC00768,2024-08-27,1416.17,PM01,Failed
PAY000879,ACC00769,2024-03-26,2922.29,PM02,Completed
PAY000880,ACC00769,2024-07-21,1340.54,PM01,Completed
PAY000881,ACC00770,2025-04-13,4128.3,PM02,Completed
PAY000882,ACC00770,2024-08-06,89.98,PM01,Failed
PAY000883,ACC00772,2024-09-06,2153.38,PM02,Completed
PAY000884,ACC00773,2024-02-23,2535.14,PM03,Failed
PAY000885,ACC00775,2025-07-02,1594.5,PM02,Completed
PAY000886,ACC00775,2025-08-19,371.37,PM01,Completed
PAY000887,ACC00776,2025-05-07,564.23,PM02,Completed
PAY000888,ACC00777,2025-05-12,2307.73,PM04,Completed
PAY000889,ACC00777,2024-02-16,2646.3,PM03,Completed
PAY000890,ACC00778,2024-05-11,311.75,PM02,Completed
PAY000891,ACC00779,2025-10-29,2167.68,PM04,Completed
PAY000892,ACC00780,2024-07-21,406.9,PM01,Failed
PAY000893,ACC00781,2024-07-02,2051.01,PM03,Completed
PAY000894,ACC00781,2024-02-24,4796.74,PM01,Completed
PAY000895,ACC00781,2025-03-18,3472.34,PM04,Reversed
PAY000896,ACC00782,2024-01-20,733.62,PM03,Failed
PAY000897,ACC00783,2024-04-07,185.18,PM01,Completed
PAY000898,ACC00784,2024-02-07,1632.8,PM01,Completed
PAY000899,ACC00785,2024-05-25,2038.89,PM01,Reversed
PAY000900,ACC00786,2024-07-29,687.19,PM04,Completed
PAY000901,ACC00786,2024-05-19,1631.6,PM02,Completed
PAY000902,ACC00787,2025-08-24,283.6,PM01,Completed
PAY000903,ACC00787,2025-01-21,4806.36,PM01,Completed
PAY000904,ACC00788,2024-02-17,1078.29,PM04,Completed
PAY000905,ACC00788,2025-07-01,550.09,PM02,Completed
PAY000906,ACC00789,2024-06-27,4779.02,PM02,Completed
PAY000907,ACC00791,2024-09-06,4170.4,PM03,Completed
PAY000908,ACC00792,2024-10-17,969.07,PM02,Completed
PAY000909,ACC00793,2024-11-01,74.63,PM03,Completed
PAY000910,ACC00794,2025-06-08,910.64,PM02,Completed
PAY000911,ACC00796,2024-12-31,3201.45,PM01,Completed
PAY000912,ACC00796,2025-04-29,1250.39,PM03,Failed
PAY000913,ACC00797,2025-07-17,3128.06,PM03,Completed
PAY000914,ACC00798,2024-12-30,1706.31,PM02,Completed
PAY000915,ACC00798,2024-06-30,2051.21,PM06,Reversed
PAY000916,ACC00799,2025-07-30,3831.95,PM04,Completed
PAY000917,ACC00799,2025-02-03,1269.13,PM06,Completed
PAY000918,ACC00800,2024-03-03,1535.72,PM03,Completed
