account_id,customer_id,product_id,agent_id,total_balance,overdue_balance,dpd,aging_bucket,assignment_date,status,target_amount
ACC00001,C0042,P005,A005,37283.97,28335.95,63,61-90,2024-03-06,Write-off Candidate,7920.73
ACC00002,C0311,P001,A004,38203.18,20230.65,19,1-30,2024-04-10,Promise to Pay,13531.22
ACC00003,C0327,P001,A004,4627.62,1284.89,45,31-60,2025-07-09,Promise to Pay,718.22
ACC00004,C0308,P005,A001,45296.95,33881.36,88,61-90,2025-03-29,Legal,10736.3
ACC00005,C0826,P005,A008,37850.73,24270.6,153,121+,2025-05-19,Promise to Pay,9639.89
ACC00006,C0495,P005,A005,13577.9,7861.21,159,121+,2024-12-15,Active,4219.57
ACC00007,C0317,P004,A002,24635.23,9540.9,144,121+,2025-06-05,Active,2842.03
ACC00008,C0068,P004,A005,22438.32,15125.55,28,1-30,2025-07-05,Legal,4782.05
ACC00009,C0112,P002,A004,16340.79,9434.51,40,31-60,2024-04-15,Promise to Pay,7137.5
ACC00010,C0216,P005,A003,38436.67,31027.23,37,31-60,2024-06-10,Promise to Pay,9130.68
ACC00011,C0980,P005,A008,21137.0,15933.52,86,61-90,2024-08-22,Write-off Candidate,7698.9
ACC00012,C0877,P003,A006,36472.13,30866.66,11,1-30,2024-11-18,Active,14049.85
ACC00013,C0403,P004,A001,3237.72,1514.96,103,91-120,2024-05-23,Write-off Candidate,1000.22
ACC00014,C0020,P002,A004,15092.45,6582.24,69,61-90,2024-11-25,Active,2826.7
ACC00015,C0572,P005,A004,25395.7,22113.64,110,91-120,2024-04-19,Active,6551.18
ACC00016,C0741,P004,A010,39170.78,17668.24,32,31-60,2025-05-13,Active,13996.03
ACC00017,C0601,P004,A001,17463.25,10200.39,21,1-30,2025-03-24,Write-off Candidate,2719.61
ACC00018,C0138,P001,A006,41303.38,36617.74,173,121+,2024-11-02,Promise to Pay,19667.46
ACC00019,C0449,P002,A006,33204.19,19955.95,85,61-90,2024-10-25,Promise to Pay,5673.09
ACC00020,C0789,P001,A006,45302.62,22708.23,167,121+,2024-08-07,Active,10922.56
ACC00021,C0472,P003,A006,13321.78,8569.3,23,1-30,2024-01-24,Active,5015.99
ACC00022,C0438,P004,A008,26655.67,24568.1,117,91-120,2025-06-08,Active,13252.74
ACC00023,C0033,P005,A006,14491.0,5801.87,106,91-120,2024-03-09,Promise to Pay,3128.28
ACC00024,C0998,P005,A002,25918.27,22453.97,56,31-60,2025-08-10,Write-off Candidate,12709.37
ACC00025,C0196,P001,A007,22838.79,20383.31,105,91-120,2024-06-04,Promise to Pay,4969.77
ACC00026,C0664,P005,A006,34783.02,29154.7,55,31-60,2025-03-18,Legal,12853.71
ACC00027,C0301,P001,A010,922.63,359.96,91,91-120,2024-06-03,Active,120.13
ACC00028,C0691,P003,A009,10416.41,8743.25,52,31-60,2024-12-29,Legal,5499.0
ACC00029,C0591,P002,A004,15769.84,3008.99,97,91-120,2025-06-30,Promise to Pay,2126.81
ACC00030,C0799,P002,A009,16709.32,6413.08,33,31-60,2024-08-23,Promise to Pay,2058.73
ACC00031,C0168,P004,A005,11253.17,4724.2,30,1-30,2024-05-20,Legal,3621.72
ACC00032,C0127,P004,A001,42782.31,12309.58,54,31-60,2024-02-20,Active,5410.15
ACC00033,C0211,P004,A010,48477.57,26955.13,93,91-120,2025-08-15,Promise to Pay,7359.35
ACC00034,C0775,P002,A002,18240.32,18164.11,198,121+,2025-03-01,Active,14369.47
ACC00035,C0819,P005,A006,6043.62,3089.85,47,31-60,2024-01-08,Active,1396.64
ACC00036,C0985,P001,A006,41908.46,20565.91,40,31-60,2024-11-03,Active,12765.84
ACC00037,C0667,P004,A008,36616.64,33233.19,9,1-30,2024-02-16,Active,11611.64
ACC00038,C0579,P001,A003,34905.98,27438.16,35,31-60,2024-03-03,Promise to Pay,8941.97
ACC00039,C0758,P003,A006,8295.39,2116.8,87,61-90,2025-06-15,Write-off Candidate,1365.72
ACC00040,C0830,P002,A006,39434.56,5007.48,94,91-120,2024-07-27,Active,2880.24
ACC00041,C0931,P003,A010,1778.59,223.47,56,31-60,2025-04-26,Active,161.62
ACC00042,C0936,P004,A001,30126.12,17252.75,55,31-60,2024-06-10,Active,7059.82
ACC00043,C0229,P001,A007,48452.15,25097.73,135,121+,2025-03-01,Legal,13101.93
ACC00044,C0138,P005,A001,45027.68,14912.06,46,31-60,2024-11-26,Promise to Pay,6253.37
ACC00045,C0629,P001,A008,42672.44,11805.69,57,31-60,2024-08-12,Promise to Pay,8066.46
ACC00046,C0147,P002,A002,20490.01,18404.66,83,61-90,2024-04-17,Active,6449.04
ACC00047,C0748,P003,A006,33583.64,19073.0,75,61-90,2025-08-14,Write-off Candidate,6866.96
ACC00048,C0922,P002,A006,7688.44,5864.51,52,31-60,2024-02-05,Promise to Pay,3987.06
ACC00049,C0648,P001,A004,7576.25,990.24,122,121+,2024-08-31,Active,389.68
ACC00050,C0586,P004,A008,31621.29,26412.96,97,91-120,2025-08-14,Active,21014.66
ACC00051,C0465,P005,A005,37375.54,25785.93,34,31-60,2025-06-10,Write-off Candidate,10375.04
ACC00052,C0914,P002,A005,24624.08,14626.97,58,31-60,2024-04-08,Promise to Pay,5930.14
ACC00053,C0532,P003,A002,32293.49,31269.08,104,91-120,2024-05-09,Active,24547.88
ACC00054,C0850,P001,A002,6751.81,2787.56,70,61-90,2025-04-08,Active,2203.81
ACC00055,C0085,P005,A003,49927.97,13749.67,59,31-60,2024-08-15,Legal,4388.98
ACC00056,C0763,P003,A009,28362.71,16379.62,65,61-90,2024-02-18,Legal,6840.03
ACC00057,C0236,P005,A003,34179.65,22948.78,34,31-60,2024-08-19,Legal,14931.91
ACC00058,C0156,P005,A010,14281.86,13755.59,37,31-60,2025-02-14,Active,10187.03
ACC00059,C0996,P004,A008,36216.61,13399.92,35,31-60,2024-03-17,Active,7148.25
ACC00060,C0320,P002,A010,3431.5,1610.53,63,61-90,2024-05-27,Active,476.96
ACC00061,C0996,P002,A007,21240.96,13430.12,111,91-120,2024-09-11,Legal,3254.37
ACC00062,C0987,P003,A003,36435.96,22857.62,94,91-120,2024-06-04,Active,6524.59
ACC00063,C0283,P003,A001,15902.45,3058.85,77,61-90,2025-04-27,Active,1416.13
ACC00064,C0842,P001,A009,8106.99,7233.09,75,61-90,2024-12-15,Legal,5567.26
ACC00065,C0042,P004,A005,21582.57,5430.4,15,1-30,2025-05-13,Legal,1817.99
ACC00066,C0106,P001,A010,12443.98,10763.66,167,121+,2025-05-21,Legal,8373.55
ACC00067,C0432,P001,A002,42195.09,32034.44,99,91-120,2024-09-14,Promise to Pay,12727.21
ACC00068,C0683,P003,A006,35798.23,19223.43,4,1-30,2025-08-22,Active,10662.29
ACC00069,C0682,P003,A002,28253.2,24118.93,183,121+,2025-01-19,Promise to Pay,17419.56
ACC00070,C0684,P004,A001,41991.18,28487.24,79,61-90,2024-04-10,Promise to Pay,7705.34
ACC00071,C0783,P002,A006,45237.59,21698.05,83,61-90,2025-02-07,Promise to Pay,4858.6
ACC00072,C0663,P004,A008,2345.17,1076.02,77,61-90,2025-03-18,Promise to Pay,231.76
ACC00073,C0581,P002,A001,5390.81,5005.92,71,61-90,2024-01-30,Promise to Pay,3552.49
ACC00074,C0260,P003,A006,14193.31,11430.42,38,31-60,2024-11-28,Active,9082.45
ACC00075,C0270,P002,A004,27590.25,10751.73,88,61-90,2025-02-14,Legal,7188.4
ACC00076,C0177,P004,A002,27142.62,22382.89,50,31-60,2024-08-21,Active,8583.86
ACC00077,C0937,P001,A007,32154.01,25109.32,46,31-60,2024-07-26,Active,15679.2
ACC00078,C0360,P003,A008,8381.26,2109.47,115,91-120,2024-01-17,Active,1158.33
ACC00079,C0931,P005,A009,27143.59,12436.49,18,1-30,2024-03-18,Active,3162.91
ACC00080,C0613,P004,A005,26874.97,12284.04,11,1-30,2025-01-29,Active,9503.49
ACC00081,C0835,P003,A010,16529.9,4997.69,63,61-90,2024-02-11,Active,1464.36
ACC00082,C0281,P001,A008,49171.48,15775.03,23,1-30,2024-08-19,Active,10836.11
ACC00083,C0149,P001,A005,42947.8,22974.75,1,1-30,2025-03-25,Active,12193.52
ACC00084,C0582,P002,A007,29254.33,19440.37,17,1-30,2025-01-31,Promise to Pay,12131.72
ACC00085,C0373,P003,A007,46312.54,14414.09,59,31-60,2025-07-07,Active,11168.82
ACC00086,C0138,P003,A004,6873.85,6756.38,109,91-120,2025-06-03,Promise to Pay,3521.53
ACC00087,C0108,P005,A004,35256.15,34510.26,83,61-90,2024-08-17,Active,18792.75
ACC00088,C0055,P004,A010,22091.12,21159.93,49,31-60,2024-06-24,Active,9925.72
ACC00089,C0666,P001,A006,7820.07,5582.02,53,31-60,2024-03-07,Write-off Candidate,2041.09
ACC00090,C0259,P001,A010,38336.08,8434.75,53,31-60,2025-02-09,Active,3975.02
ACC00091,C0552,P003,A006,43860.45,41739.4,26,1-30,2024-05-27,Legal,32895.12
ACC00092,C0601,P003,A001,35749.63,15104.74,127,121+,2024-05-02,Legal,3664.53
ACC00093,C0066,P005,A007,10133.64,9949.25,84,61-90,2024-07-02,Legal,2165.88
ACC00094,C0952,P004,A002,47334.28,29186.44,34,31-60,2025-01-31,Legal,12514.4
ACC00095,C0486,P002,A006,18080.27,13316.78,10,1-30,2024-09-15,Active,4138.05
ACC00096,C0412,P002,A004,31833.86,12916.53,51,31-60,2024-04-06,Promise to Pay,2741.41
ACC00097,C0621,P001,A009,5226.77,530.81,12,1-30,2025-06-25,Active,210.26
ACC00098,C0314,P001,A010,3934.77,1003.97,88,61-90,2025-05-25,Active,332.34
ACC00099,C0354,P001,A003,9257.95,4597.76,79,61-90,2024-06-30,Promise to Pay,3166.1
ACC00100,C0456,P001,A010,44467.56,36209.17,18,1-30,2024-05-03,Legal,14012.92
ACC00101,C0299,P001,A006,26165.2,23815.76,79,61-90,2025-05-24,Active,6981.63
ACC00102,C0628,P003,A008,41672.62,33573.81,191,121+,2024-04-29,Promise to Pay,8033.48
ACC00103,C0253,P003,A003,24793.02,20197.6,27,1-30,2024-02-12,Active,15147.52
ACC00104,C0944,P004,A010,5002.2,3448.14,17,1-30,2025-06-23,Promise to Pay,2142.41
ACC00105,C0535,P004,A009,16355.66,8228.76,70,61-90,2024-07-21,Active,4738.15
ACC00106,C0414,P004,A007,24816.35,9662.57,1,1-30,2025-05-10,Promise to Pay,3705.97
ACC00107,C0806,P003,A001,9809.91,1768.42,32,31-60,2025-08-07,Promise to Pay,1033.75
ACC00108,C0757,P001,A009,19552.62,8145.41,10,1-30,2025-07-04,Active,5662.99
ACC00109,C0895,P004,A009,25682.91,18312.43,36,31-60,2024-02-15,Write-off Candidate,4746.41
ACC00110,C0973,P002,A004,35844.71,19562.17,63,61-90,2025-08-07,Promise to Pay,4095.45
ACC00111,C0945,P004,A004,46253.46,4822.61,135,121+,2024-09-03,Promise to Pay,3612.84
ACC00112,C0339,P002,A007,45920.39,21204.33,102,91-120,2024-06-08,Active,7372.83
ACC00113,C0685,P003,A007,43255.3,28702.98,83,61-90,2024-07-28,Write-off Candidate,16992.22
ACC00114,C0936,P003,A007,41265.97,18133.03,74,61-90,2024-07-13,Legal,8938.31
ACC00115,C0615,P001,A007,22731.85,15836.52,25,1-30,2024-08-16,Active,4254.14
ACC00116,C0163,P004,A002,8784.65,6729.78,11,1-30,2025-02-11,Active,2502.56
ACC00117,C0877,P005,A005,20047.86,17983.73,4,1-30,2024-07-25,Write-off Candidate,9582.63
ACC00118,C0510,P002,A003,23713.37,4704.96,32,31-60,2024-08-22,Active,2036.49
ACC00119,C0086,P001,A004,22186.37,5069.2,42,31-60,2024-02-12,Promise to Pay,2545.61
ACC00120,C0998,P002,A004,28655.67,27329.79,62,61-90,2024-12-15,Legal,9578.58
ACC00121,C0180,P003,A008,3293.19,1455.69,21,1-30,2024-10-25,Promise to Pay,487.86
ACC00122,C0643,P002,A006,1752.83,870.24,75,61-90,2024-09-08,Promise to Pay,324.32
ACC00123,C0165,P002,A009,6012.61,953.71,128,121+,2025-06-14,Promise to Pay,544.71
ACC00124,C0174,P003,A006,5637.73,1749.36,29,1-30,2025-01-25,Active,411.19
ACC00125,C0397,P005,A002,31600.19,19190.0,115,91-120,2024-03-16,Active,13325.52
ACC00126,C0488,P005,A007,19644.97,18057.99,20,1-30,2024-08-31,Promise to Pay,10249.08
ACC00127,C0354,P004,A008,22984.05,20490.28,140,121+,2024-08-17,Active,11930.59
ACC00128,C0179,P004,A005,37130.28,18140.48,102,91-120,2024-11-03,Active,8634.13
ACC00129,C0728,P005,A004,42086.7,17577.39,137,121+,2025-02-19,Active,7920.99
ACC00130,C0752,P004,A008,18496.23,7276.6,180,121+,2025-02-12,Active,3769.0
ACC00131,C0252,P002,A004,36600.69,29489.66,88,61-90,2025-01-07,Write-off Candidate,15597.77
ACC00132,C0783,P004,A006,19945.06,10435.44,67,61-90,2025-07-09,Promise to Pay,3967.47
ACC00133,C0853,P005,A007,17215.32,15509.84,7,1-30,2025-01-28,Write-off Candidate,7120.11
ACC00134,C0966,P004,A001,28585.95,7292.47,73,61-90,2025-07-30,Legal,4264.22
ACC00135,C0589,P002,A003,12662.07,9681.66,45,31-60,2025-05-13,Active,7356.24
ACC00136,C0628,P005,A001,3735.27,445.69,86,61-90,2024-02-24,Active,113.19
ACC00137,C0954,P003,A004,15724.31,2506.78,67,61-90,2024-11-19,Promise to Pay,1747.11
ACC00138,C0487,P003,A003,40215.63,9805.82,4,1-30,2024-06-04,Active,2658.01
ACC00139,C0933,P005,A007,31619.78,23078.53,18,1-30,2024-10-14,Promise to Pay,17128.68
ACC00140,C1000,P001,A003,37905.84,8416.57,133,121+,2025-01-25,Active,4091.53
ACC00141,C0786,P001,A010,18438.02,9160.8,87,61-90,2025-08-08,Active,6745.95
ACC00142,C0994,P004,A010,49396.86,44350.56,41,31-60,2024-03-11,Active,25475.79
ACC00143,C0694,P004,A003,39652.89,27836.86,30,1-30,2024-11-24,Active,18808.51
ACC00144,C0806,P001,A006,24990.12,16485.38,86,61-90,2025-03-03,Write-off Candidate,6909.51
ACC00145,C0259,P002,A009,45261.85,5481.21,17,1-30,2024-11-22,Write-off Candidate,1267.29
ACC00146,C0245,P003,A005,17207.13,5945.97,44,31-60,2025-04-14,Promise to Pay,2376.91
ACC00147,C0033,P002,A010,1451.0,642.22,19,1-30,2025-04-26,Active,142.31
ACC00148,C0689,P003,A007,25872.92,25725.13,56,31-60,2025-03-10,Active,10425.81
ACC00149,C0966,P003,A005,14441.24,2526.86,76,61-90,2025-04-05,Write-off Candidate,633.93
ACC00150,C0683,P003,A009,40632.38,33546.25,91,91-120,2024-04-19,Active,10274.02
ACC00151,C0067,P002,A010,4825.66,810.09,115,91-120,2024-01-14,Promise to Pay,327.83
ACC00152,C0931,P005,A002,48299.39,46956.61,21,1-30,2024-12-04,Legal,12373.05
ACC00153,C0125,P001,A003,46364.82,12380.21,24,1-30,2024-04-03,Active,8356.09
ACC00154,C0239,P002,A001,16360.05,9429.93,73,61-90,2025-05-02,Legal,5893.16
ACC00155,C0508,P005,A003,33969.89,29842.8,54,31-60,2024-03-03,Active,15057.2
ACC00156,C0082,P002,A004,27328.92,26658.03,29,1-30,2024-05-06,Promise to Pay,6543.69
ACC00157,C0192,P003,A004,41884.0,15373.42,21,1-30,2025-02-26,Promise to Pay,5707.26
ACC00158,C0437,P003,A006,845.66,762.36,77,61-90,2024-09-14,Active,226.24
ACC00159,C0064,P001,A008,3490.0,2722.5,54,31-60,2025-03-16,Active,1793.2
ACC00160,C0734,P004,A001,16260.7,12915.02,132,121+,2025-01-05,Promise to Pay,7275.08
ACC00161,C0983,P001,A010,16293.67,6880.84,27,1-30,2025-05-06,Active,2615.74
ACC00162,C0501,P003,A009,11791.53,2989.13,145,121+,2024-12-27,Active,2176.04
ACC00163,C0333,P004,A008,22882.73,5214.39,105,91-120,2025-01-29,Active,1119.47
ACC00164,C0143,P003,A007,20271.2,2281.63,140,121+,2024-06-25,Active,1751.44
ACC00165,C0223,P001,A001,13909.06,3866.45,35,31-60,2025-05-24,Active,1477.42
ACC00166,C0979,P005,A005,30537.84,16772.09,16,1-30,2025-03-21,Write-off Candidate,4962.73
ACC00167,C0993,P001,A006,47671.04,35058.32,129,121+,2024-10-23,Active,17923.83
ACC00168,C0507,P002,A007,31759.68,12853.86,40,31-60,2024-11-14,Promise to Pay,5879.34
ACC00169,C0125,P005,A003,36375.46,30061.11,41,31-60,2024-05-11,Active,23515.56
ACC00170,C0065,P001,A008,10868.07,4277.46,38,31-60,2024-08-27,Write-off Candidate,3171.88
ACC00171,C0650,P004,A005,39793.99,28989.79,79,61-90,2024-05-10,Write-off Candidate,19392.93
ACC00172,C0587,P002,A010,41073.02,22168.31,87,61-90,2025-04-26,Legal,8602.99
ACC00173,C0902,P001,A007,16421.92,9464.15,110,91-120,2025-04-18,Promise to Pay,6951.86
ACC00174,C0982,P003,A002,10062.5,7979.07,55,31-60,2024-05-26,Active,5319.29
ACC00175,C0486,P002,A004,18130.35,11940.42,71,61-90,2025-07-29,Active,4342.19
ACC00176,C0328,P004,A006,10402.89,8630.82,78,61-90,2024-07-11,Write-off Candidate,4820.76
ACC00177,C0124,P003,A001,26413.36,14625.51,67,61-90,2024-09-11,Legal,6636.98
ACC00178,C0839,P001,A005,15157.12,1908.87,5,1-30,2025-03-07,Active,914.28
ACC00179,C0932,P002,A008,8270.43,4132.94,78,61-90,2024-11-17,Active,1504.93
ACC00180,C0283,P002,A010,29530.78,11532.46,36,31-60,2024-01-18,Active,8310.78
ACC00181,C0566,P004,A006,36164.81,21522.2,27,1-30,2025-03-20,Promise to Pay,9412.14
ACC00182,C0335,P005,A001,28498.04,17431.59,71,61-90,2025-06-07,Active,10988.21
ACC00183,C0136,P004,A002,8002.71,4565.57,138,121+,2024-08-28,Active,1900.15
ACC00184,C0366,P003,A002,3944.04,1816.25,55,31-60,2024-03-04,Promise to Pay,1062.67
ACC00185,C0406,P002,A009,10759.1,2616.12,117,91-120,2024-09-24,Active,611.93
ACC00186,C0700,P005,A001,35015.74,18587.19,27,1-30,2024-02-13,Active,6312.2
ACC00187,C0157,P002,A009,37920.17,26666.86,43,31-60,2024-01-20,Promise to Pay,9967.64
ACC00188,C0025,P004,A009,29688.6,8548.92,7,1-30,2025-08-19,Active,3501.88
ACC00189,C0083,P005,A006,8626.87,2514.74,57,31-60,2025-07-03,Active,1450.02
ACC00190,C0638,P003,A005,19726.78,16794.2,77,61-90,2024-09-19,Active,6654.45
ACC00191,C0267,P004,A002,1926.47,1238.78,75,61-90,2025-06-08,Legal,399.82
ACC00192,C0116,P001,A007,46687.64,13307.14,114,91-120,2025-08-06,Promise to Pay,5045.61
ACC00193,C0707,P002,A010,23457.1,16022.3,102,91-120,2024-08-23,Promise to Pay,11706.35
ACC00194,C0259,P002,A009,11212.97,2947.07,1,1-30,2024-12-07,Active,2263.58
ACC00195,C0398,P003,A008,37816.0,35121.12,198,121+,2025-05-06,Promise to Pay,13037.15
ACC00196,C0684,P002,A002,513.4,65.76,89,61-90,2024-02-21,Legal,50.51
ACC00197,C0953,P001,A005,28621.49,6970.43,54,31-60,2024-02-24,Active,4094.87
ACC00198,C0995,P004,A006,32854.49,12081.35,14,1-30,2024-02-05,Legal,4605.77
ACC00199,C0270,P004,A004,37340.9,26648.17,21,1-30,2024-02-01,Legal,20231.98
ACC00200,C0179,P001,A002,23034.61,20680.38,8,1-30,2025-07-24,Active,4415.99
ACC00201,C0577,P004,A002,11166.04,5111.65,65,61-90,2025-01-21,Active,2547.92
ACC00202,C0851,P004,A007,29049.65,4056.21,1,1-30,2024-03-05,Write-off Candidate,2944.1
ACC00203,C0727,P003,A008,1708.44,589.01,9,1-30,2024-07-11,Active,276.12
ACC00204,C0002,P001,A010,28167.75,20637.17,104,91-120,2024-08-25,Promise to Pay,13321.61
ACC00205,C0294,P003,A002,41125.35,24269.37,75,61-90,2025-01-17,Promise to Pay,10260.2
ACC00206,C0565,P005,A003,17665.99,4532.5,51,31-60,2025-02-15,Active,3581.16
ACC00207,C0786,P003,A003,44526.74,31531.15,115,91-120,2025-02-21,Active,14473.64
ACC00208,C0617,P003,A003,32450.47,16409.94,42,31-60,2025-07-06,Legal,4899.45
ACC00209,C0044,P003,A009,30140.23,17667.9,139,121+,2024-06-12,Legal,9615.15
ACC00210,C0836,P002,A007,44095.79,43718.93,14,1-30,2025-07-11,Active,11467.0
ACC00211,C0005,P003,A009,37115.71,26560.36,66,61-90,2024-12-08,Active,10499.11
ACC00212,C0857,P003,A009,33016.15,14973.48,187,121+,2025-08-13,Active,6660.19
ACC00213,C0770,P001,A004,8207.21,5946.52,75,61-90,2024-07-11,Promise to Pay,4376.1
ACC00214,C0993,P005,A002,4074.23,3891.3,60,31-60,2024-09-04,Legal,1485.37
ACC00215,C0215,P005,A002,1663.53,212.91,145,121+,2024-05-03,Active,148.31
ACC00216,C0697,P001,A002,21384.92,9019.37,4,1-30,2025-02-16,Active,5037.65
ACC00217,C0352,P004,A006,31153.26,28897.77,14,1-30,2024-02-12,Promise to Pay,22719.66
ACC00218,C0512,P003,A006,23943.08,19586.6,23,1-30,2025-07-05,Legal,8884.89
ACC00219,C0602,P005,A006,49734.6,21981.23,183,121+,2025-05-14,Legal,5541.41
ACC00220,C0259,P005,A002,41616.19,27806.65,24,1-30,2024-04-06,Active,18058.51
ACC00221,C0248,P005,A008,27854.98,20435.42,10,1-30,2025-04-07,Active,9121.64
ACC00222,C0011,P002,A010,1897.67,1054.47,115,91-120,2024-03-11,Promise to Pay,503.94
ACC00223,C0714,P005,A007,32858.26,4726.44,108,91-120,2025-08-22,Active,2410.68
ACC00224,C0179,P004,A005,14869.19,5922.01,92,91-120,2024-04-22,Promise to Pay,4625.91
ACC00225,C0079,P002,A008,19671.53,15148.61,31,31-60,2024-06-29,Legal,3428.51
ACC00226,C0188,P002,A006,42354.15,12954.41,109,91-120,2025-03-31,Legal,9959.67
ACC00227,C0119,P001,A003,48950.45,31557.64,24,1-30,2024-01-25,Active,13254.38
ACC00228,C0716,P004,A001,34843.7,23392.28,89,61-90,2024-04-18,Active,5149.16
ACC00229,C0447,P005,A007,13507.39,12883.29,3,1-30,2025-01-01,Active,6496.63
ACC00230,C0250,P002,A002,28735.82,20062.68,3,1-30,2025-04-01,Promise to Pay,10584.09
ACC00231,C0571,P003,A008,32985.0,20579.62,26,1-30,2024-04-28,Promise to Pay,6983.67
ACC00232,C0151,P003,A003,1054.08,162.32,73,61-90,2024-01-13,Active,97.32
ACC00233,C0600,P005,A001,7284.56,6764.87,56,31-60,2025-05-06,Legal,2118.76
ACC00234,C0487,P004,A008,19698.95,13199.42,6,1-30,2025-07-08,Legal,3201.53
ACC00235,C0684,P002,A009,3865.7,2172.7,25,1-30,2024-03-15,Promise to Pay,756.62
ACC00236,C0772,P004,A006,20616.38,16021.69,154,121+,2024-02-13,Legal,10708.56
ACC00237,C0029,P002,A006,41900.44,12664.36,50,31-60,2024-05-10,Active,9746.91
ACC00238,C0522,P004,A003,14737.57,11728.0,17,1-30,2025-03-19,Promise to Pay,5282.17
ACC00239,C0576,P001,A003,18791.3,8530.13,92,91-120,2025-04-20,Promise to Pay,6755.93
ACC00240,C0350,P003,A009,15753.02,15022.81,90,61-90,2025-06-07,Active,9831.69
ACC00241,C0860,P005,A009,30167.42,24352.18,198,121+,2024-05-20,Active,6199.89
ACC00242,C0502,P003,A009,3615.25,2408.51,51,31-60,2024-10-04,Legal,1340.72
ACC00243,C0234,P003,A006,9967.7,9719.57,193,121+,2024-07-15,Legal,4962.84
ACC00244,C0422,P003,A005,33126.0,26218.65,82,61-90,2024-05-22,Legal,16072.01
ACC00245,C0195,P003,A009,40002.52,24944.54,67,61-90,2024-06-26,Active,15806.0
ACC00246,C0299,P002,A004,41604.27,11015.56,81,61-90,2025-05-23,Active,4791.53
ACC00247,C0735,P003,A010,7743.83,4997.75,41,31-60,2024-09-15,Active,2128.73
ACC00248,C0564,P004,A001,46739.04,43702.18,26,1-30,2025-04-10,Write-off Candidate,23179.05
ACC00249,C0841,P003,A009,13652.21,13425.85,67,61-90,2025-05-16,Promise to Pay,6522.56
ACC00250,C0397,P003,A002,18386.08,15098.09,4,1-30,2024-02-25,Active,3656.27
ACC00251,C0111,P005,A009,5246.59,4033.16,26,1-30,2025-03-09,Active,2963.51
ACC00252,C0581,P001,A001,36118.81,12849.96,20,1-30,2024-09-03,Active,7337.16
ACC00253,C0585,P003,A009,8009.29,4792.27,38,31-60,2024-11-20,Legal,1452.56
ACC00254,C0990,P004,A004,47746.43,8692.71,31,31-60,2024-10-03,Legal,2388.22
ACC00255,C0253,P004,A004,8699.31,2228.67,20,1-30,2024-08-13,Active,449.97
ACC00256,C0688,P003,A007,42554.68,21343.24,80,61-90,2024-08-25,Active,5318.7
ACC00257,C0730,P004,A008,19531.54,12764.79,29,1-30,2025-01-24,Active,8412.42
ACC00258,C0211,P004,A007,17443.29,2069.55,107,91-120,2025-06-03,Promise to Pay,1454.75
ACC00259,C0622,P002,A006,30247.2,22051.3,3,1-30,2025-01-21,Active,9755.58
ACC00260,C0224,P003,A006,35889.22,32609.21,38,31-60,2025-01-23,Promise to Pay,15712.02
ACC00261,C0025,P005,A004,22886.17,18768.73,63,61-90,2025-02-02,Promise to Pay,7802.39
ACC00262,C0021,P004,A007,21494.82,10610.4,90,61-90,2024-12-22,Active,4455.91
ACC00263,C0267,P004,A003,29481.98,16670.67,28,1-30,2025-06-27,Legal,11795.19
ACC00264,C0391,P003,A001,35501.68,8622.59,93,91-120,2025-07-20,Active,2134.55
ACC00265,C0955,P003,A008,42995.76,15076.98,5,1-30,2024-07-09,Active,5834.17
ACC00266,C0534,P001,A004,3081.25,2123.47,110,91-120,2024-06-29,Active,1023.83
ACC00267,C0434,P002,A004,30330.4,5136.23,7,1-30,2024-04-13,Active,3440.69
ACC00268,C0547,P001,A008,36298.82,8619.04,72,61-90,2024-07-10,Active,1769.04
ACC00269,C0876,P002,A005,25295.2,22901.12,31,31-60,2025-02-07,Active,5244.51
ACC00270,C0160,P002,A004,18675.95,15031.18,117,91-120,2025-04-18,Active,4585.82
ACC00271,C0113,P002,A003,2592.54,2552.54,85,61-90,2024-05-19,Active,1216.19
ACC00272,C0819,P004,A007,20492.97,11733.16,84,61-90,2025-06-16,Active,6609.41
ACC00273,C0736,P004,A005,8761.33,7641.06,44,31-60,2024-05-09,Legal,2476.74
ACC00274,C0615,P003,A005,20914.44,9167.84,29,1-30,2025-01-17,Active,4513.63
ACC00275,C0769,P001,A004,37642.2,19007.29,51,31-60,2024-05-23,Promise to Pay,7245.26
ACC00276,C0251,P002,A001,13019.54,5980.07,177,121+,2025-04-21,Active,1930.46
ACC00277,C0134,P004,A001,44903.42,41781.38,5,1-30,2024-10-29,Active,17144.28
ACC00278,C0932,P004,A007,18061.33,10137.92,10,1-30,2025-05-03,Active,7996.94
ACC00279,C0868,P004,A002,15861.92,8819.95,37,31-60,2024-01-12,Write-off Candidate,2536.29
ACC00280,C0729,P005,A005,11325.34,6443.91,17,1-30,2024-01-25,Active,2580.3
ACC00281,C0628,P004,A006,18714.39,15366.41,70,61-90,2025-08-22,Active,7115.24
ACC00282,C0500,P004,A009,27625.49,21383.33,25,1-30,2025-06-02,Active,16697.76
ACC00283,C0956,P004,A006,36706.77,24655.36,75,61-90,2024-05-27,Active,18466.79
ACC00284,C0096,P005,A007,2573.64,958.99,8,1-30,2024-05-16,Active,519.37
ACC00285,C0428,P002,A007,49526.1,14340.5,39,31-60,2024-03-08,Active,3190.43
ACC00286,C0745,P004,A002,49069.26,45749.21,30,1-30,2025-05-20,Active,27525.03
ACC00287,C0832,P003,A010,42604.39,40904.54,72,61-90,2024-09-21,Promise to Pay,21628.49
ACC00288,C0923,P003,A006,34256.89,25518.22,52,31-60,2025-06-16,Promise to Pay,17447.15
ACC00289,C0797,P002,A004,24428.1,9657.36,104,91-120,2025-06-05,Active,7568.05
ACC00290,C0415,P001,A010,13253.29,11154.79,58,31-60,2025-07-22,Active,7474.67
ACC00291,C0902,P002,A008,35020.4,19445.4,133,121+,2025-02-26,Promise to Pay,8781.05
ACC00292,C0340,P003,A002,24318.1,22751.26,20,1-30,2024-03-08,Legal,17192.55
ACC00293,C0059,P004,A007,21004.03,20594.93,95,91-120,2024-12-07,Write-off Candidate,5579.9
ACC00294,C0242,P004,A008,29626.95,13770.19,171,121+,2024-08-28,Active,7798.66
ACC00295,C0169,P003,A003,19153.96,3344.1,79,61-90,2024-03-25,Active,2148.44
ACC00296,C0154,P005,A007,46751.53,38066.52,33,31-60,2024-06-04,Write-off Candidate,7660.98
ACC00297,C0182,P001,A003,18654.97,13377.4,27,1-30,2024-12-31,Promise to Pay,3377.96
ACC00298,C0170,P003,A006,4576.12,620.35,19,1-30,2024-01-01,Legal,195.63
ACC00299,C0175,P004,A008,14925.71,12734.09,19,1-30,2024-03-14,Legal,4720.11
ACC00300,C0067,P004,A010,32351.47,23614.91,96,91-120,2024-04-08,Active,7893.88
ACC00301,C0291,P001,A007,8558.92,4496.81,112,91-120,2025-04-08,Active,2272.35
ACC00302,C0301,P004,A007,39815.75,34337.52,98,91-120,2024-11-30,Active,16371.17
ACC00303,C0721,P002,A001,43819.51,10206.09,19,1-30,2025-04-04,Active,6467.21
ACC00304,C0290,P003,A006,24339.04,11412.39,83,61-90,2025-07-19,Promise to Pay,4354.14
ACC00305,C0727,P002,A008,8248.28,2246.33,72,61-90,2024-03-08,Active,1582.93
ACC00306,C0823,P003,A007,23443.45,22737.74,16,1-30,2024-11-27,Active,15676.96
ACC00307,C0764,P004,A006,43472.63,11544.84,193,121+,2024-06-17,Write-off Candidate,5189.18
ACC00308,C0499,P003,A003,12381.16,7967.64,5,1-30,2024-10-11,Write-off Candidate,5039.3
ACC00309,C0428,P001,A001,17476.67,11419.07,83,61-90,2024-12-11,Active,5591.68
ACC00310,C0845,P005,A004,34177.61,29802.76,11,1-30,2025-06-01,Active,12946.74
ACC00311,C0542,P005,A010,22029.41,21034.46,146,121+,2024-02-10,Active,13282.51
ACC00312,C0561,P003,A009,2703.43,1079.6,179,121+,2025-02-21,Promise to Pay,841.06
ACC00313,C0065,P004,A007,28808.93,26814.79,198,121+,2024-08-16,Active,10194.17
ACC00314,C0668,P001,A004,13080.02,4431.89,79,61-90,2025-06-27,Active,1476.18
ACC00315,C0842,P004,A004,2864.31,482.62,44,31-60,2024-10-07,Promise to Pay,356.99
ACC00316,C0963,P004,A001,39834.17,26928.6,54,31-60,2024-11-09,Legal,16102.99
ACC00317,C0509,P005,A004,14734.08,3009.94,48,31-60,2024-08-28,Write-off Candidate,1304.56
ACC00318,C0744,P003,A003,1203.46,585.54,37,31-60,2024-12-02,Promise to Pay,449.66
ACC00319,C0022,P001,A003,8866.62,3219.34,154,121+,2024-09-20,Active,2393.81
ACC00320,C0209,P002,A006,14794.54,14766.38,30,1-30,2025-07-15,Promise to Pay,3628.62
ACC00321,C0160,P001,A001,39043.91,31820.16,129,121+,2024-10-03,Write-off Candidate,8528.52
ACC00322,C0463,P003,A002,39087.11,20277.12,57,31-60,2024-05-05,Active,11529.97
ACC00323,C0805,P001,A006,9231.73,7624.87,102,91-120,2025-07-12,Write-off Candidate,4843.23
ACC00324,C0933,P005,A002,7717.74,1885.49,141,121+,2025-07-01,Active,1498.34
ACC00325,C0776,P003,A001,39736.93,19437.77,43,31-60,2025-06-08,Legal,8581.3
ACC00326,C0172,P002,A010,29524.55,21482.63,85,61-90,2024-08-20,Legal,16332.77
ACC00327,C0800,P004,A009,16449.59,7105.96,103,91-120,2024-02-12,Active,2223.09
ACC00328,C0585,P003,A001,32611.48,15457.2,168,121+,2024-01-08,Write-off Candidate,11085.97
ACC00329,C0088,P002,A002,38423.19,24344.82,78,61-90,2025-04-29,Active,19419.41
ACC00330,C0744,P003,A002,39414.24,26575.93,62,61-90,2024-09-08,Active,18425.06
ACC00331,C0301,P001,A002,33408.77,33360.75,10,1-30,2024-09-21,Legal,26674.2
ACC00332,C0288,P003,A007,18507.37,10150.52,188,121+,2024-11-03,Active,2189.35
ACC00333,C0292,P003,A003,7302.52,4180.39,88,61-90,2024-04-12,Active,1074.75
ACC00334,C0271,P003,A006,29032.36,18116.35,96,91-120,2024-03-21,Active,6628.93
ACC00335,C0862,P005,A009,40673.07,24161.55,131,121+,2025-08-14,Legal,12748.57
ACC00336,C0929,P005,A005,37738.95,5157.54,13,1-30,2025-03-06,Active,2062.81
ACC00337,C0759,P001,A003,698.47,630.2,19,1-30,2024-02-13,Active,262.59
ACC00338,C0555,P001,A005,44803.71,14463.45,18,1-30,2024-12-08,Active,8520.29
ACC00339,C0583,P001,A001,35553.99,8974.99,54,31-60,2025-06-05,Active,3991.59
ACC00340,C0698,P005,A005,38924.98,10462.84,84,61-90,2025-07-14,Active,4790.24
ACC00341,C0628,P004,A004,17541.26,8140.35,100,91-120,2025-02-25,Write-off Candidate,3033.08
ACC00342,C0256,P005,A002,32592.71,17857.86,69,61-90,2024-04-27,Active,5619.85
ACC00343,C0260,P002,A010,29220.1,28356.85,21,1-30,2024-09-11,Active,6355.44
ACC00344,C0256,P001,A002,48278.38,16844.05,65,61-90,2024-04-25,Promise to Pay,9956.72
ACC00345,C0735,P001,A001,10713.51,2463.52,41,31-60,2024-05-06,Legal,973.26
ACC00346,C0421,P004,A009,33324.43,29058.26,75,61-90,2024-05-29,Active,11969.3
ACC00347,C0891,P002,A008,22153.82,7242.09,39,31-60,2025-03-19,Active,1715.24
ACC00348,C0911,P001,A008,20963.52,18724.11,37,31-60,2024-05-24,Active,5734.0
ACC00349,C0788,P001,A008,3732.1,1899.59,107,91-120,2024-11-06,Promise to Pay,892.06
ACC00350,C0705,P003,A008,8442.69,2520.22,155,121+,2024-05-16,Active,858.52
ACC00351,C0498,P004,A004,25730.04,24201.13,191,121+,2024-04-22,Active,10224.99
ACC00352,C0261,P001,A005,40073.34,30927.11,107,91-120,2024-01-21,Active,23946.63
ACC00353,C0110,P002,A005,38007.98,26666.48,8,1-30,2025-07-23,Legal,14523.85
ACC00354,C0947,P005,A003,666.86,642.03,77,61-90,2024-12-01,Legal,424.9
ACC00355,C0430,P005,A006,9774.91,7422.65,7,1-30,2025-03-11,Active,5067.86
ACC00356,C0601,P002,A007,28478.18,11994.97,80,61-90,2025-01-24,Active,3811.54
ACC00357,C0251,P003,A001,23833.5,7556.42,102,91-120,2024-12-07,Active,3464.57
ACC00358,C0576,P001,A002,7281.29,3419.74,29,1-30,2024-02-14,Active,1530.05
ACC00359,C0757,P001,A002,22343.42,4963.57,78,61-90,2024-08-07,Active,1281.17
ACC00360,C0263,P001,A010,32329.45,29123.06,39,31-60,2024-08-02,Active,21962.87
ACC00361,C0627,P001,A002,30117.01,23243.58,116,91-120,2024-09-03,Active,14257.57
ACC00362,C0555,P002,A001,40944.74,12067.34,183,121+,2025-02-25,Legal,3138.19
ACC00363,C0516,P005,A004,504.6,366.71,156,121+,2024-12-31,Legal,195.74
ACC00364,C0169,P001,A002,1557.39,541.55,194,121+,2024-06-25,Legal,184.41
ACC00365,C0047,P002,A004,7065.09,3636.89,97,91-120,2025-04-05,Active,1020.91
ACC00366,C0121,P002,A006,38174.08,32496.52,89,61-90,2025-03-18,Active,7732.9
ACC00367,C0923,P002,A008,19039.51,11037.71,36,31-60,2025-03-06,Active,7269.99
ACC00368,C0217,P001,A003,11848.23,9849.9,44,31-60,2024-09-29,Promise to Pay,6188.04
ACC00369,C0906,P005,A010,29488.21,11708.13,120,91-120,2025-04-08,Active,9346.96
ACC00370,C0546,P005,A004,9020.68,7694.83,175,121+,2025-03-31,Active,2740.42
ACC00371,C0220,P001,A004,38741.62,20082.94,43,31-60,2024-04-03,Legal,5406.5
ACC00372,C0712,P002,A001,26910.37,23451.26,23,1-30,2025-07-27,Active,17485.25
ACC00373,C0595,P002,A001,43852.05,35916.96,48,31-60,2024-09-03,Write-off Candidate,18139.85
ACC00374,C0622,P005,A002,4636.61,2654.78,18,1-30,2024-04-05,Active,1059.91
ACC00375,C0140,P002,A001,41976.12,9475.74,58,31-60,2024-08-13,Promise to Pay,2403.33
ACC00376,C0152,P005,A008,31875.8,5487.14,24,1-30,2024-11-25,Active,3340.59
ACC00377,C0868,P003,A001,39112.35,31202.81,1,1-30,2024-01-25,Legal,19778.03
ACC00378,C0086,P003,A003,32033.44,5540.4,116,91-120,2024-07-13,Active,3785.33
ACC00379,C0450,P005,A006,37549.35,24196.19,21,1-30,2024-06-02,Write-off Candidate,9381.02
ACC00380,C0689,P001,A009,14960.83,3640.67,85,61-90,2025-07-12,Legal,2039.54
ACC00381,C0591,P005,A008,45557.55,7696.65,17,1-30,2024-06-28,Legal,2873.82
ACC00382,C0637,P001,A006,25603.61,13328.77,32,31-60,2024-02-15,Promise to Pay,2688.11
ACC00383,C0268,P002,A007,4890.08,3674.94,41,31-60,2024-10-08,Promise to Pay,1628.4
ACC00384,C0577,P001,A004,13835.76,4220.74,56,31-60,2024-11-25,Active,968.23
ACC00385,C0318,P002,A010,27850.89,3772.08,32,31-60,2025-04-26,Active,1224.98
ACC00386,C0421,P005,A010,18076.32,18055.84,80,61-90,2025-06-22,Active,4310.09
ACC00387,C0275,P001,A002,41827.46,8860.65,99,91-120,2025-07-23,Write-off Candidate,5698.32
ACC00388,C0268,P003,A003,25173.14,23607.62,46,31-60,2025-06-12,Active,14894.26
ACC00389,C0193,P005,A002,8165.62,1298.15,38,31-60,2025-02-13,Promise to Pay,489.52
ACC00390,C0175,P005,A010,36662.31,17116.79,82,61-90,2024-06-11,Active,12455.33
ACC00391,C0775,P002,A006,26651.89,7795.33,88,61-90,2024-11-13,Write-off Candidate,2737.02
ACC00392,C0474,P001,A007,19799.1,8299.95,21,1-30,2025-01-17,Legal,5974.01
ACC00393,C0044,P002,A007,33949.67,13781.45,114,91-120,2024-07-10,Active,10687.94
ACC00394,C0934,P001,A002,20853.99,7336.62,40,31-60,2024-10-24,Promise to Pay,5693.09
ACC00395,C0544,P005,A001,5893.78,1870.09,114,91-120,2025-05-27,Promise to Pay,1305.79
ACC00396,C0283,P003,A003,35010.93,24728.57,57,31-60,2024-12-14,Active,15136.27
ACC00397,C0059,P003,A004,10842.39,8549.68,7,1-30,2024-12-29,Active,4409.31
ACC00398,C0602,P003,A002,40431.9,33370.6,38,31-60,2024-04-02,Active,18684.64
ACC00399,C0539,P004,A002,48791.72,15466.33,50,31-60,2024-04-03,Promise to Pay,4930.57
ACC00400,C0222,P002,A007,2440.95,1137.44,68,61-90,2024-02-05,Promise to Pay,880.07
ACC00401,C0941,P005,A009,49575.39,9209.97,41,31-60,2025-05-27,Legal,6146.26
ACC00402,C0738,P005,A001,10830.83,1342.07,6,1-30,2024-01-31,Promise to Pay,537.84
ACC00403,C0425,P001,A009,26431.55,2955.26,20,1-30,2025-01-21,Active,1720.26
ACC00404,C0510,P003,A005,6425.2,4833.68,110,91-120,2025-03-01,Write-off Candidate,3525.54
ACC00405,C0697,P002,A007,17616.73,15807.41,56,31-60,2024-03-19,Active,3834.05
ACC00406,C0127,P005,A010,14966.05,4612.75,18,1-30,2025-06-26,Active,3242.02
ACC00407,C0601,P002,A007,36286.23,34379.03,27,1-30,2025-06-01,Active,11829.32
ACC00408,C0282,P003,A006,13129.79,1744.09,33,31-60,2024-10-28,Active,909.83
ACC00409,C0964,P001,A006,39705.59,12462.94,85,61-90,2025-02-08,Active,9718.26
ACC00410,C0762,P001,A009,37443.97,18117.8,64,61-90,2024-01-19,Write-off Candidate,13883.83
ACC00411,C0896,P001,A009,19834.19,17773.13,102,91-120,2024-03-31,Legal,11688.35
ACC00412,C0396,P002,A008,11036.25,10567.3,24,1-30,2024-08-11,Active,4272.57
ACC00413,C0054,P004,A009,28816.05,15469.82,74,61-90,2025-05-11,Active,8304.55
ACC00414,C0925,P002,A010,41653.88,15052.08,17,1-30,2024-02-11,Active,5755.97
ACC00415,C0568,P001,A009,17459.16,5476.64,145,121+,2025-07-17,Promise to Pay,2832.33
ACC00416,C0418,P001,A004,30918.17,6546.1,12,1-30,2024-04-14,Promise to Pay,3082.69
ACC00417,C0711,P001,A010,18728.02,11386.93,107,91-120,2024-03-07,Legal,4229.77
ACC00418,C0187,P001,A008,40462.58,18716.76,195,121+,2025-08-09,Promise to Pay,10772.95
ACC00419,C0786,P005,A010,39135.68,14353.81,118,91-120,2025-07-19,Promise to Pay,9411.75
ACC00420,C0764,P004,A002,7686.46,6188.97,100,91-120,2025-08-16,Active,4772.69
ACC00421,C0255,P002,A006,1553.03,854.78,70,61-90,2024-11-13,Promise to Pay,577.3
ACC00422,C0878,P002,A003,9655.25,7746.42,94,91-120,2024-08-16,Active,2205.99
ACC00423,C0993,P004,A007,20687.05,15095.54,62,61-90,2025-07-25,Active,6623.87
ACC00424,C0121,P004,A007,32275.83,8279.5,124,121+,2024-08-09,Active,6340.6
ACC00425,C0742,P002,A009,33672.25,21622.98,71,61-90,2025-01-05,Promise to Pay,15981.83
ACC00426,C0533,P002,A009,41029.26,14615.91,117,91-120,2024-01-04,Legal,11342.13
ACC00427,C0909,P001,A003,30695.35,12499.32,193,121+,2025-07-16,Legal,8380.11
ACC00428,C0416,P005,A006,21990.21,7464.24,35,31-60,2025-07-17,Active,3187.06
ACC00429,C0417,P001,A004,40532.74,7637.48,16,1-30,2024-05-29,Legal,5226.63
ACC00430,C0322,P005,A006,12970.56,3538.85,136,121+,2024-09-30,Active,1024.04
ACC00431,C0602,P003,A009,2507.82,317.26,29,1-30,2024-06-17,Active,106.04
ACC00432,C0007,P005,A007,44319.07,6929.04,90,61-90,2024-02-26,Active,5458.63
ACC00433,C0397,P005,A004,10069.98,6552.54,22,1-30,2024-01-27,Active,1570.86
ACC00434,C0541,P001,A010,15005.21,9691.57,63,61-90,2024-11-25,Active,4309.6
ACC00435,C0182,P005,A004,32282.62,21444.7,105,91-120,2024-02-21,Promise to Pay,7126.21
ACC00436,C0287,P003,A001,22413.4,7919.79,105,91-120,2024-06-15,Active,6064.65
ACC00437,C0907,P002,A007,33733.97,21477.77,104,91-120,2024-12-18,Active,14587.71
ACC00438,C0764,P004,A008,49108.13,29900.92,127,121+,2024-03-09,Legal,10708.34
ACC00439,C0407,P005,A009,10322.74,5248.9,7,1-30,2024-04-01,Write-off Candidate,4054.86
ACC00440,C0322,P003,A003,48070.2,9510.3,30,1-30,2025-07-11,Write-off Candidate,4551.18
ACC00441,C0210,P002,A002,522.99,105.31,6,1-30,2025-03-08,Active,53.5
ACC00442,C0686,P003,A003,28885.06,11856.41,48,31-60,2024-05-04,Active,5554.65
ACC00443,C0913,P005,A005,2934.62,2832.24,49,31-60,2025-08-15,Active,805.8
ACC00444,C0406,P003,A009,5178.55,1801.37,27,1-30,2024-02-24,Active,581.72
ACC00445,C0257,P001,A007,46420.36,42453.21,34,31-60,2025-05-26,Promise to Pay,12828.97
ACC00446,C0192,P001,A001,5067.29,2748.59,111,91-120,2025-07-03,Legal,718.49
ACC00447,C0199,P003,A009,8995.17,5320.76,174,121+,2025-05-18,Legal,3256.66
ACC00448,C0449,P002,A007,43799.3,25641.16,98,91-120,2024-04-27,Legal,7854.66
ACC00449,C0698,P003,A007,28835.06,14552.45,8,1-30,2024-01-24,Active,9047.14
ACC00450,C0558,P004,A007,22951.9,16757.19,64,61-90,2025-02-16,Legal,8343.05
ACC00451,C0922,P004,A009,43075.0,4906.92,95,91-120,2024-01-03,Active,1404.25
ACC00452,C0675,P002,A003,16730.58,4070.47,12,1-30,2025-02-06,Promise to Pay,2424.91
ACC00453,C0016,P003,A009,34494.0,16020.44,134,121+,2024-06-02,Promise to Pay,8229.74
ACC00454,C0789,P002,A002,16705.93,7653.61,138,121+,2025-04-12,Legal,5915.74
ACC00455,C0571,P005,A009,12143.35,8027.89,99,91-120,2025-07-08,Active,4239.01
ACC00456,C0017,P002,A003,42618.19,34884.97,92,91-120,2024-08-23,Promise to Pay,18327.5
ACC00457,C0999,P005,A005,32594.35,12005.27,40,31-60,2024-12-11,Legal,6793.04
ACC00458,C0567,P001,A002,31490.26,17533.19,15,1-30,2024-02-06,Promise to Pay,8150.19
ACC00459,C0366,P002,A004,22655.17,12003.64,103,91-120,2025-07-06,Legal,7130.59
ACC00460,C0027,P005,A008,4360.6,2845.82,25,1-30,2025-04-17,Active,1477.89
ACC00461,C0394,P005,A003,45808.25,25433.88,109,91-120,2024-06-06,Legal,7062.8
ACC00462,C0529,P005,A004,2389.91,1622.69,54,31-60,2024-11-21,Promise to Pay,325.18
ACC00463,C0659,P002,A004,13831.7,1755.35,53,31-60,2025-01-04,Legal,761.98
ACC00464,C0746,P005,A006,2396.63,1691.33,79,61-90,2024-06-20,Active,888.05
ACC00465,C0798,P003,A006,46744.43,21215.24,6,1-30,2025-02-07,Active,8736.69
ACC00466,C0835,P005,A005,31880.48,7006.95,8,1-30,2025-06-29,Promise to Pay,4961.24
ACC00467,C0809,P004,A004,27536.01,25095.39,97,91-120,2025-08-09,Write-off Candidate,10141.34
ACC00468,C0169,P003,A002,16730.09,9699.04,90,61-90,2024-12-11,Promise to Pay,7364.45
ACC00469,C0183,P003,A007,9006.93,8569.72,19,1-30,2024-08-14,Legal,2856.82
ACC00470,C0543,P005,A006,49575.75,27466.61,28,1-30,2025-07-27,Promise to Pay,11578.24
ACC00471,C0027,P004,A009,47504.07,28636.23,13,1-30,2024-01-17,Promise to Pay,18716.43
ACC00472,C0792,P003,A005,15677.66,10360.77,7,1-30,2025-06-08,Legal,2535.34
ACC00473,C0853,P001,A008,2821.05,1606.27,66,61-90,2024-12-07,Promise to Pay,580.63
ACC00474,C0039,P001,A006,4866.26,1772.71,10,1-30,2024-04-20,Active,703.16
ACC00475,C0110,P002,A003,11116.15,5308.35,59,31-60,2025-06-21,Active,3605.87
ACC00476,C0459,P003,A001,13654.84,11769.72,20,1-30,2024-04-21,Active,7789.86
ACC00477,C0090,P001,A006,30978.08,29527.61,13,1-30,2024-05-04,Promise to Pay,15184.06
ACC00478,C0575,P001,A010,38009.36,4031.04,65,61-90,2025-01-04,Active,2849.22
ACC00479,C0540,P005,A006,7274.06,2893.65,59,31-60,2025-03-14,Active,2237.74
ACC00480,C0885,P005,A009,22764.09,11336.09,55,31-60,2024-11-01,Legal,3207.34
ACC00481,C0724,P003,A009,44711.96,15723.07,54,31-60,2024-12-13,Promise to Pay,7125.36
ACC00482,C0373,P003,A010,6880.39,6620.34,17,1-30,2024-05-01,Write-off Candidate,4551.16
ACC00483,C0439,P003,A001,809.75,109.69,28,1-30,2024-06-08,Legal,46.45
ACC00484,C0236,P005,A004,6990.83,6219.28,8,1-30,2024-04-28,Legal,4484.67
ACC00485,C0071,P002,A001,2172.57,616.32,46,31-60,2025-03-11,Promise to Pay,190.62
ACC00486,C0103,P003,A005,26477.2,11776.02,17,1-30,2025-08-23,Promise to Pay,7419.39
ACC00487,C0148,P004,A004,32047.43,15926.21,59,31-60,2024-10-26,Promise to Pay,4615.78
ACC00488,C0007,P002,A006,35332.37,32764.31,114,91-120,2024-10-21,Active,25399.38
ACC00489,C0539,P002,A003,40909.62,31228.01,86,61-90,2024-07-13,Legal,8611.97
ACC00490,C0622,P002,A001,5083.9,2234.07,80,61-90,2024-01-09,Legal,1143.3
ACC00491,C0426,P003,A008,27860.93,11437.09,23,1-30,2025-06-29,Active,5524.07
ACC00492,C0532,P001,A008,45042.66,23965.92,6,1-30,2024-11-24,Active,18788.74
ACC00493,C0576,P003,A008,43205.52,40955.55,5,1-30,2024-11-29,Active,10408.46
ACC00494,C0837,P004,A007,12433.9,2387.62,108,91-120,2024-02-24,Promise to Pay,737.75
ACC00495,C0451,P001,A008,34530.4,9616.34,15,1-30,2024-08-10,Write-off Candidate,5704.77
ACC00496,C0990,P002,A001,8181.99,7852.04,36,31-60,2024-08-07,Promise to Pay,5723.63
ACC00497,C0979,P001,A007,42766.44,7177.35,112,91-120,2024-11-06,Active,3806.83
ACC00498,C0243,P002,A006,48225.5,39082.74,83,61-90,2025-07-07,Active,20853.24
ACC00499,C0316,P003,A007,32408.02,24740.39,24,1-30,2025-05-19,Active,16945.81
ACC00500,C0297,P002,A001,43338.94,26863.56,69,61-90,2025-05-25,Promise to Pay,17058.84
ACC00501,C0185,P004,A010,29322.16,3003.15,118,91-120,2025-08-07,Active,726.55
ACC00502,C0057,P003,A004,23691.3,13605.92,80,61-90,2025-05-24,Promise to Pay,4470.12
ACC00503,C0725,P003,A003,47317.31,26831.3,78,61-90,2024-05-13,Active,18443.63
ACC00504,C0771,P001,A003,36595.55,27574.69,103,91-120,2024-02-25,Promise to Pay,8381.6
ACC00505,C0905,P001,A005,30525.71,28869.82,106,91-120,2025-04-21,Promise to Pay,14537.38
ACC00506,C0583,P004,A006,37129.07,27269.73,83,61-90,2025-01-16,Promise to Pay,11301.08
ACC00507,C0243,P005,A007,10498.76,3677.9,126,121+,2024-11-05,Active,1591.47
ACC00508,C0084,P005,A010,3787.22,3225.45,45,31-60,2024-06-15,Write-off Candidate,2332.66
ACC00509,C0585,P001,A001,29070.83,23294.41,111,91-120,2025-08-23,Promise to Pay,13939.49
ACC00510,C0095,P003,A004,43458.92,24347.55,51,31-60,2024-02-28,Promise to Pay,7737.64
ACC00511,C0006,P005,A007,10915.65,6922.01,131,121+,2024-04-05,Promise to Pay,1862.73
ACC00512,C0408,P001,A003,10758.66,2219.2,64,61-90,2025-04-16,Active,1446.02
ACC00513,C0143,P001,A002,33835.17,6913.9,84,61-90,2025-01-26,Active,1920.0
ACC00514,C0186,P001,A002,22601.3,16966.78,62,61-90,2025-06-25,Legal,12885.28
ACC00515,C0203,P005,A004,10026.01,4434.06,19,1-30,2024-08-01,Promise to Pay,2643.6
ACC00516,C0467,P003,A009,39357.55,10174.85,25,1-30,2024-04-02,Active,6856.85
ACC00517,C0700,P004,A009,43062.27,26646.36,11,1-30,2024-11-30,Write-off Candidate,7729.49
ACC00518,C0294,P004,A003,29774.36,21752.05,27,1-30,2025-01-10,Write-off Candidate,8918.02
ACC00519,C0390,P001,A001,35925.83,21986.0,97,91-120,2024-12-19,Active,13559.57
ACC00520,C0509,P001,A002,6373.19,2217.33,15,1-30,2025-03-10,Write-off Candidate,1174.78
ACC00521,C0553,P003,A007,6951.51,5990.17,60,31-60,2024-09-22,Write-off Candidate,4389.96
ACC00522,C0798,P002,A001,46544.17,22351.15,16,1-30,2025-01-05,Promise to Pay,10898.11
ACC00523,C0571,P004,A005,31161.53,15543.47,20,1-30,2024-03-28,Active,11147.44
ACC00524,C0023,P004,A004,14429.24,9885.25,28,1-30,2024-04-19,Active,3525.45
ACC00525,C0885,P002,A001,43389.49,5603.52,23,1-30,2024-03-01,Active,3192.23
ACC00526,C0930,P004,A008,32172.01,13888.96,85,61-90,2024-11-11,Promise to Pay,5868.54
ACC00527,C0605,P003,A006,9037.88,2905.57,27,1-30,2025-05-06,Legal,819.71
ACC00528,C0830,P003,A008,2684.12,411.9,34,31-60,2024-05-01,Legal,209.46
ACC00529,C0040,P002,A001,39730.23,23776.91,114,91-120,2024-04-12,Active,8695.26
ACC00530,C0966,P001,A008,2609.86,291.82,17,1-30,2024-04-09,Legal,175.71
ACC00531,C0459,P001,A003,36129.73,35290.84,88,61-90,2024-03-03,Active,11197.48
ACC00532,C0044,P004,A008,23366.34,7156.41,2,1-30,2024-03-22,Write-off Candidate,4922.17
ACC00533,C0295,P003,A009,15361.71,12610.8,183,121+,2024-06-28,Active,4009.38
ACC00534,C0018,P005,A007,43040.52,30504.09,18,1-30,2025-04-02,Active,13961.45
ACC00535,C0260,P004,A001,770.6,215.05,18,1-30,2024-07-24,Promise to Pay,63.21
ACC00536,C0830,P004,A005,19984.39,16804.35,119,91-120,2024-03-21,Active,4006.91
ACC00537,C0247,P002,A008,49001.23,22672.18,2,1-30,2025-03-11,Active,17662.73
ACC00538,C0642,P005,A001,6265.74,3146.89,116,91-120,2025-05-12,Promise to Pay,864.12
ACC00539,C0259,P001,A001,29485.45,17381.38,69,61-90,2025-07-19,Active,10931.87
ACC00540,C0776,P003,A010,33551.63,24726.08,8,1-30,2024-11-20,Legal,5572.72
ACC00541,C0626,P005,A009,15232.63,12903.83,19,1-30,2025-05-23,Write-off Candidate,5638.98
ACC00542,C0621,P005,A008,3723.37,1924.7,81,61-90,2025-03-25,Promise to Pay,1324.58
ACC00543,C0392,P005,A009,20838.92,9248.39,64,61-90,2024-04-11,Active,4540.71
ACC00544,C0976,P001,A008,12787.97,10841.96,39,31-60,2024-11-26,Active,3540.56
ACC00545,C0706,P005,A010,28638.9,5800.65,79,61-90,2025-04-01,Legal,1393.3
ACC00546,C0843,P003,A003,49408.23,34303.64,118,91-120,2024-01-27,Active,7910.02
ACC00547,C0472,P005,A003,3218.66,780.6,14,1-30,2024-01-29,Promise to Pay,465.44
ACC00548,C0266,P001,A009,12142.93,8693.26,131,121+,2025-08-08,Promise to Pay,4369.88
ACC00549,C0799,P005,A008,4633.29,2316.7,135,121+,2024-01-23,Promise to Pay,1210.48
ACC00550,C0641,P005,A005,2011.52,1686.28,186,121+,2024-03-13,Write-off Candidate,1276.25
ACC00551,C0916,P003,A005,38012.72,19240.6,36,31-60,2024-12-30,Promise to Pay,12361.46
ACC00552,C0239,P005,A008,22164.56,2446.54,168,121+,2024-06-25,Active,527.02
ACC00553,C0554,P001,A007,33495.91,28335.18,46,31-60,2024-07-03,Legal,12131.71
ACC00554,C0088,P003,A010,32573.62,5720.88,55,31-60,2024-06-10,Promise to Pay,2859.36
ACC00555,C0837,P005,A005,33685.41,20336.56,110,91-120,2025-05-31,Active,12928.42
ACC00556,C0402,P005,A008,13723.16,8645.01,62,61-90,2024-08-22,Promise to Pay,3070.63
ACC00557,C0810,P001,A010,21643.91,11794.2,42,31-60,2025-07-19,Promise to Pay,3611.59
ACC00558,C0291,P005,A009,19180.65,3765.32,24,1-30,2025-04-16,Promise to Pay,2693.69
ACC00559,C0675,P004,A003,44295.99,41354.93,2,1-30,2024-10-16,Legal,17608.46
ACC00560,C0560,P002,A005,1768.24,897.83,175,121+,2024-11-15,Active,418.72
ACC00561,C0157,P005,A006,8410.46,7906.47,5,1-30,2025-08-16,Legal,5497.46
ACC00562,C0417,P003,A009,25375.38,15643.5,31,31-60,2024-08-15,Active,6884.37
ACC00563,C0714,P005,A004,22077.46,21779.66,89,61-90,2025-02-08,Active,17300.83
ACC00564,C0771,P005,A008,21533.26,14231.66,63,61-90,2024-03-05,Active,3476.96
ACC00565,C0850,P001,A010,12790.12,8889.94,114,91-120,2024-06-16,Write-off Candidate,6435.25
ACC00566,C0732,P004,A002,36125.87,32693.85,16,1-30,2024-12-15,Active,11415.88
ACC00567,C0941,P003,A006,20330.11,16300.34,64,61-90,2024-01-23,Write-off Candidate,6784.03
ACC00568,C0980,P003,A005,6666.18,1250.74,39,31-60,2024-11-21,Promise to Pay,905.32
ACC00569,C0714,P003,A005,21111.35,18168.75,19,1-30,2025-04-26,Legal,8912.57
ACC00570,C0934,P001,A009,29930.09,18434.28,9,1-30,2025-07-13,Promise to Pay,9733.72
ACC00571,C0980,P001,A007,7700.28,2651.58,48,31-60,2025-03-29,Active,1352.79
ACC00572,C0108,P002,A006,20028.72,8790.18,90,61-90,2024-09-28,Promise to Pay,5009.36
ACC00573,C0552,P005,A004,20093.46,13195.19,79,61-90,2025-03-26,Active,6650.82
ACC00574,C0581,P003,A002,13430.33,5133.07,49,31-60,2024-02-20,Active,2916.7
ACC00575,C0740,P005,A003,39161.78,38974.42,22,1-30,2024-09-09,Promise to Pay,16715.89
ACC00576,C0712,P001,A006,4391.01,3137.33,16,1-30,2024-03-04,Active,1749.39
ACC00577,C0771,P005,A007,12803.37,12525.25,11,1-30,2024-05-08,Active,6858.34
ACC00578,C0336,P003,A010,880.08,107.63,16,1-30,2025-08-09,Active,30.3
ACC00579,C0544,P005,A005,46065.17,46008.79,10,1-30,2024-10-07,Legal,29645.12
ACC00580,C0571,P005,A007,2975.12,2410.62,44,31-60,2024-09-25,Active,1668.43
ACC00581,C0954,P003,A006,24756.45,12348.18,42,31-60,2025-07-04,Legal,6701.68
ACC00582,C0802,P003,A006,39172.35,32306.93,145,121+,2024-01-30,Active,11162.37
ACC00583,C0802,P003,A005,19372.39,4217.86,119,91-120,2024-07-07,Legal,1695.18
ACC00584,C0297,P001,A002,30380.7,12526.6,41,31-60,2024-02-24,Active,9509.56
ACC00585,C0436,P002,A003,15058.56,14560.89,5,1-30,2025-04-07,Active,10612.16
ACC00586,C0711,P004,A005,16142.26,2592.43,55,31-60,2024-01-29,Active,793.61
ACC00587,C0727,P001,A002,25416.34,24422.33,58,31-60,2025-06-30,Legal,14254.11
ACC00588,C0062,P001,A009,29646.09,29165.25,16,1-30,2025-05-07,Promise to Pay,23185.85
ACC00589,C0131,P002,A002,44182.69,18668.44,20,1-30,2024-01-14,Write-off Candidate,6793.79
ACC00590,C0139,P004,A005,40693.46,6857.89,111,91-120,2024-04-23,Write-off Candidate,1591.6
ACC00591,C0542,P003,A004,24196.73,7384.32,89,61-90,2024-12-20,Promise to Pay,4708.96
ACC00592,C0888,P005,A001,48698.29,32725.36,42,31-60,2025-01-12,Write-off Candidate,25159.02
ACC00593,C0180,P003,A003,34888.45,10791.16,18,1-30,2024-11-28,Legal,4502.26
ACC00594,C0771,P003,A001,13096.0,9004.01,14,1-30,2024-10-19,Promise to Pay,3629.73
ACC00595,C0150,P002,A002,8131.11,6030.3,7,1-30,2025-04-03,Active,3149.99
ACC00596,C0784,P004,A010,22812.13,20783.07,63,61-90,2025-02-11,Legal,7185.49
ACC00597,C0301,P002,A008,43446.69,26049.76,7,1-30,2025-01-23,Promise to Pay,18020.93
ACC00598,C0920,P004,A006,27373.65,22475.86,81,61-90,2024-03-09,Promise to Pay,9714.4
ACC00599,C0253,P001,A005,10120.91,4533.68,51,31-60,2024-08-23,Active,2390.12
ACC00600,C0850,P002,A005,16885.69,5176.59,68,61-90,2024-11-08,Active,3699.72
ACC00601,C0884,P001,A009,20118.78,10597.64,28,1-30,2024-10-20,Promise to Pay,2545.3
ACC00602,C0436,P003,A003,45881.09,44044.03,9,1-30,2024-09-24,Active,10222.28
ACC00603,C0545,P002,A009,3764.89,2418.91,113,91-120,2024-08-10,Active,1622.04
ACC00604,C0110,P001,A006,6604.98,3850.49,20,1-30,2025-05-29,Promise to Pay,1360.28
ACC00605,C0552,P004,A010,49414.51,28409.61,74,61-90,2024-06-07,Legal,18710.58
ACC00606,C0614,P001,A005,24321.42,17822.0,161,121+,2025-05-05,Active,12543.97
ACC00607,C0698,P002,A005,40606.08,35557.25,32,31-60,2025-07-07,Promise to Pay,15247.06
ACC00608,C0259,P002,A005,41666.26,28492.54,7,1-30,2025-04-05,Active,9723.92
ACC00609,C0582,P001,A003,25248.47,11430.17,191,121+,2024-06-09,Write-off Candidate,6171.71
ACC00610,C0177,P005,A009,28073.77,8166.15,194,121+,2024-05-29,Active,5632.43
ACC00611,C0016,P002,A004,1305.73,943.39,1,1-30,2025-01-30,Active,403.43
ACC00612,C0047,P001,A009,33737.92,20320.27,110,91-120,2025-05-07,Promise to Pay,5547.87
ACC00613,C0561,P001,A005,39944.55,14375.54,13,1-30,2024-08-28,Legal,5370.96
ACC00614,C0327,P002,A002,2844.55,1519.93,85,61-90,2025-03-07,Legal,1002.94
ACC00615,C0564,P002,A004,43384.55,27324.95,44,31-60,2024-04-10,Active,8720.31
ACC00616,C0792,P001,A008,45841.97,4728.94,103,91-120,2024-10-12,Write-off Candidate,3648.37
ACC00617,C0603,P004,A008,1467.49,1056.78,101,91-120,2025-03-22,Active,780.04
ACC00618,C0400,P004,A005,45296.86,20550.67,1,1-30,2025-01-14,Active,5177.23
ACC00619,C0093,P002,A005,27311.87,5203.31,15,1-30,2024-10-02,Legal,2506.23
ACC00620,C0536,P005,A001,38130.33,18565.92,48,31-60,2025-07-15,Active,9884.06
ACC00621,C0387,P005,A010,8385.63,5419.13,73,61-90,2024-01-16,Promise to Pay,2839.41
ACC00622,C0572,P005,A009,6356.51,3662.78,109,91-120,2025-05-11,Legal,892.21
ACC00623,C0032,P003,A010,22949.95,3896.46,42,31-60,2025-04-10,Legal,833.94
ACC00624,C0609,P002,A003,7068.7,6312.78,3,1-30,2025-01-02,Active,4911.57
ACC00625,C0535,P005,A009,19316.95,7194.66,96,91-120,2024-03-21,Promise to Pay,1464.16
ACC00626,C0967,P005,A006,39306.27,16708.55,130,121+,2025-06-06,Active,12939.14
ACC00627,C0472,P004,A008,33712.73,7557.48,3,1-30,2024-10-30,Active,2349.82
ACC00628,C0077,P001,A009,32426.56,7464.21,87,61-90,2024-04-04,Promise to Pay,4145.12
ACC00629,C0963,P002,A007,7475.21,7091.9,6,1-30,2024-12-08,Promise to Pay,1735.17
ACC00630,C0055,P003,A006,5709.17,3415.21,5,1-30,2024-10-27,Active,2390.86
ACC00631,C0047,P003,A007,642.86,398.69,95,91-120,2024-05-09,Legal,167.57
ACC00632,C0851,P001,A010,2964.16,1982.75,24,1-30,2024-08-12,Write-off Candidate,1465.42
ACC00633,C0420,P003,A001,41450.4,14532.57,37,31-60,2025-04-26,Write-off Candidate,7293.3
ACC00634,C0942,P005,A010,44331.2,15604.52,54,31-60,2024-02-29,Active,7991.11
ACC00635,C0969,P005,A003,35995.3,11386.52,9,1-30,2024-05-19,Write-off Candidate,2772.54
ACC00636,C0965,P005,A006,3416.41,1422.21,3,1-30,2025-07-29,Promise to Pay,927.05
ACC00637,C0061,P001,A002,30715.71,26398.82,61,61-90,2024-04-21,Write-off Candidate,15685.19
ACC00638,C0323,P002,A007,2659.17,1134.02,29,1-30,2025-03-27,Active,614.31
ACC00639,C0205,P001,A001,21794.3,8336.74,56,31-60,2024-01-16,Active,4087.67
ACC00640,C0928,P001,A009,28307.83,11167.61,70,61-90,2024-10-27,Active,6561.15
ACC00641,C0817,P005,A009,27988.98,8172.91,49,31-60,2025-02-26,Active,4553.18
ACC00642,C0286,P004,A002,4860.49,3217.47,54,31-60,2025-06-11,Write-off Candidate,2530.36
ACC00643,C0208,P003,A009,38640.36,30761.65,29,1-30,2024-02-06,Active,6990.35
ACC00644,C0361,P005,A010,9567.21,4988.77,52,31-60,2024-10-30,Active,3636.76
ACC00645,C0810,P003,A008,44124.79,14021.13,25,1-30,2024-06-04,Active,3312.99
ACC00646,C0883,P003,A009,21748.71,5967.42,54,31-60,2025-07-15,Active,3763.35
ACC00647,C0258,P003,A009,15530.17,4025.25,48,31-60,2024-08-21,Active,3175.27
ACC00648,C0930,P003,A007,2847.93,1140.86,190,121+,2025-04-01,Legal,862.73
ACC00649,C0722,P001,A007,17110.4,2943.94,50,31-60,2025-02-10,Active,1586.03
ACC00650,C0747,P001,A010,16998.67,13413.55,30,1-30,2024-04-19,Active,7744.53
ACC00651,C0317,P001,A010,5436.63,951.42,8,1-30,2024-04-12,Active,480.0
ACC00652,C0398,P001,A010,7545.05,6223.89,123,121+,2025-03-31,Promise to Pay,1446.37
ACC00653,C0720,P002,A003,35995.79,15616.92,73,61-90,2024-08-27,Active,11743.15
ACC00654,C0275,P001,A003,33509.64,8847.11,131,121+,2024-11-17,Legal,6547.38
ACC00655,C0366,P001,A001,38097.55,27798.73,14,1-30,2024-02-21,Active,7411.04
ACC00656,C0220,P002,A006,13351.67,8950.22,196,121+,2024-12-13,Active,3307.21
ACC00657,C0979,P004,A002,9967.51,2155.19,113,91-120,2025-07-17,Active,888.63
ACC00658,C0761,P005,A006,11914.68,9244.56,90,61-90,2024-03-08,Active,7298.95
ACC00659,C0295,P005,A004,10561.54,9584.98,122,121+,2024-05-01,Active,3919.55
ACC00660,C0961,P001,A004,30772.95,30005.89,47,31-60,2024-10-18,Active,15772.8
ACC00661,C0642,P005,A002,44084.76,28872.85,164,121+,2024-06-27,Write-off Candidate,11996.8
ACC00662,C0779,P002,A006,7752.14,3296.3,71,61-90,2024-03-13,Active,1465.32
ACC00663,C0499,P005,A010,20190.28,9804.92,1,1-30,2025-07-14,Active,5177.4
ACC00664,C0735,P004,A008,34924.87,11087.68,25,1-30,2025-05-05,Promise to Pay,6837.03
ACC00665,C0129,P002,A004,15684.46,11433.98,70,61-90,2025-01-18,Legal,2427.51
ACC00666,C0403,P004,A008,42402.31,16993.02,58,31-60,2024-01-09,Active,9851.36
ACC00667,C0849,P001,A002,15998.63,3471.82,43,31-60,2025-02-04,Active,914.69
ACC00668,C0551,P003,A003,9745.12,9280.5,81,61-90,2024-06-02,Active,3088.49
ACC00669,C0339,P001,A002,2081.44,282.76,26,1-30,2025-03-07,Legal,64.42
ACC00670,C0251,P001,A009,25766.62,8211.26,74,61-90,2024-06-04,Legal,2216.95
ACC00671,C0394,P004,A008,31005.18,3281.77,5,1-30,2024-12-08,Write-off Candidate,2474.84
ACC00672,C0468,P003,A010,22831.81,19897.67,78,61-90,2024-07-09,Active,11064.13
ACC00673,C0608,P004,A005,11931.79,10247.59,2,1-30,2025-03-05,Promise to Pay,7474.42
ACC00674,C0817,P001,A003,26272.71,4465.41,42,31-60,2025-04-18,Write-off Candidate,3277.42
ACC00675,C0712,P005,A003,6169.45,5065.35,15,1-30,2024-06-14,Active,3298.36
ACC00676,C0007,P002,A004,5399.25,4404.36,36,31-60,2024-06-24,Active,3277.47
ACC00677,C0538,P001,A009,36278.08,26038.81,76,61-90,2025-08-02,Active,6870.33
ACC00678,C0115,P005,A007,16949.63,10094.2,12,1-30,2024-11-16,Promise to Pay,4827.55
ACC00679,C0997,P004,A003,19395.13,10959.95,64,61-90,2024-02-21,Legal,7276.05
ACC00680,C0940,P002,A008,35118.53,30632.91,56,31-60,2024-03-09,Promise to Pay,13027.03
ACC00681,C0966,P002,A009,45011.13,37059.25,182,121+,2024-10-09,Active,27025.11
ACC00682,C0888,P001,A002,8822.01,6868.76,138,121+,2024-06-15,Active,2105.82
ACC00683,C0219,P005,A005,46367.75,45507.36,51,31-60,2024-05-18,Promise to Pay,13346.96
ACC00684,C0259,P001,A005,32914.27,24949.94,9,1-30,2025-06-21,Promise to Pay,5978.59
ACC00685,C0998,P003,A010,35204.49,24847.81,67,61-90,2024-01-14,Active,14422.32
ACC00686,C0052,P003,A003,6963.93,3447.26,5,1-30,2025-01-02,Legal,952.53
ACC00687,C0897,P001,A004,2550.73,2038.45,37,31-60,2024-05-13,Promise to Pay,918.85
ACC00688,C0908,P001,A007,642.85,633.8,7,1-30,2024-02-28,Active,428.34
ACC00689,C0237,P004,A008,45203.12,8423.98,43,31-60,2025-07-04,Active,5566.09
ACC00690,C0701,P001,A003,21077.67,18866.92,132,121+,2024-03-16,Active,8053.76
ACC00691,C0623,P001,A003,11299.4,10731.05,77,61-90,2024-01-30,Active,7568.48
ACC00692,C0760,P005,A005,19898.16,4691.03,13,1-30,2024-03-24,Legal,1509.64
ACC00693,C0122,P004,A008,18661.18,11223.99,2,1-30,2025-01-12,Write-off Candidate,5057.65
ACC00694,C0993,P004,A008,19466.65,14218.12,126,121+,2024-06-05,Active,7212.67
ACC00695,C0404,P003,A006,14703.52,11568.15,19,1-30,2024-09-17,Active,2564.74
ACC00696,C0989,P004,A007,30430.63,8207.39,160,121+,2024-08-18,Promise to Pay,3334.45
ACC00697,C0310,P005,A007,6909.05,1741.42,7,1-30,2024-05-17,Active,1219.71
ACC00698,C0091,P003,A003,20841.32,4662.22,26,1-30,2024-12-17,Write-off Candidate,2484.42
ACC00699,C0329,P003,A003,42582.44,28641.33,17,1-30,2024-02-10,Promise to Pay,14200.24
ACC00700,C0609,P005,A002,20674.41,13966.04,90,61-90,2024-11-14,Write-off Candidate,8752.93
ACC00701,C0674,P005,A010,11419.86,6894.57,69,61-90,2024-09-02,Legal,4358.05
ACC00702,C0986,P003,A008,44503.69,31154.34,144,121+,2025-01-08,Promise to Pay,10435.07
ACC00703,C0267,P002,A001,4338.64,3192.22,98,91-120,2025-01-09,Legal,1651.66
ACC00704,C0416,P001,A006,18804.85,9782.55,155,121+,2025-02-03,Write-off Candidate,5265.25
ACC00705,C0276,P004,A006,29547.91,26753.36,103,91-120,2024-10-01,Promise to Pay,20483.57
ACC00706,C0939,P003,A004,22111.01,13440.97,38,31-60,2024-10-04,Active,10197.88
ACC00707,C0609,P005,A007,21829.95,19982.05,129,121+,2024-05-09,Active,8111.8
ACC00708,C0379,P001,A009,28847.98,26908.35,61,61-90,2024-11-09,Promise to Pay,18536.07
ACC00709,C0190,P004,A010,47027.59,29069.87,26,1-30,2025-02-10,Active,13605.01
ACC00710,C0116,P002,A001,7267.09,3133.19,39,31-60,2024-05-01,Active,1350.04
ACC00711,C0956,P003,A001,32707.93,20447.99,154,121+,2024-09-10,Legal,6020.87
ACC00712,C0426,P001,A005,15792.84,11790.22,119,91-120,2024-02-27,Active,5277.18
ACC00713,C0674,P004,A004,34193.15,3975.46,30,1-30,2025-06-30,Promise to Pay,2538.42
ACC00714,C0508,P005,A006,46630.1,7995.23,139,121+,2025-07-16,Active,5993.95
ACC00715,C0571,P003,A006,40874.45,28291.14,12,1-30,2024-06-29,Active,21034.64
ACC00716,C0817,P004,A005,32699.1,23243.87,22,1-30,2024-02-19,Active,7354.3
ACC00717,C0989,P002,A001,39933.32,35452.04,74,61-90,2024-05-31,Active,16549.92
ACC00718,C0464,P002,A010,16533.73,4455.35,52,31-60,2025-04-24,Active,1635.98
ACC00719,C0064,P001,A006,22246.76,12976.73,117,91-120,2024-01-26,Write-off Candidate,5456.62
ACC00720,C0665,P005,A001,8023.16,6985.78,30,1-30,2024-07-01,Promise to Pay,1672.59
ACC00721,C0191,P003,A008,6435.8,796.9,67,61-90,2024-11-04,Active,433.67
ACC00722,C0811,P001,A004,40403.09,29280.72,107,91-120,2025-05-21,Write-off Candidate,21815.89
ACC00723,C0204,P001,A004,17877.69,4268.43,42,31-60,2025-02-04,Active,2699.81
ACC00724,C0616,P002,A010,24489.66,7873.87,88,61-90,2024-05-10,Promise to Pay,6140.17
ACC00725,C0361,P002,A004,32176.86,25541.09,5,1-30,2025-03-29,Active,14547.42
ACC00726,C0916,P005,A010,14722.81,12773.18,61,61-90,2024-08-15,Legal,4282.86
ACC00727,C0233,P004,A007,48613.65,25404.92,12,1-30,2024-04-03,Write-off Candidate,13483.31
ACC00728,C0471,P001,A009,25142.79,24228.8,20,1-30,2025-06-01,Legal,16908.28
ACC00729,C0205,P004,A001,6671.72,3047.53,16,1-30,2024-12-28,Promise to Pay,2350.53
ACC00730,C0567,P002,A009,48114.48,35387.16,81,61-90,2025-05-19,Promise to Pay,24951.09
ACC00731,C0446,P003,A009,20425.59,5724.76,115,91-120,2025-03-29,Legal,1595.0
ACC00732,C0215,P002,A003,46022.31,25658.47,6,1-30,2024-04-18,Legal,9627.63
ACC00733,C0158,P003,A009,8137.01,6787.23,193,121+,2024-07-07,Active,5260.19
ACC00734,C0415,P001,A007,31087.66,30893.43,29,1-30,2024-08-04,Active,7092.68
ACC00735,C0399,P002,A008,3800.12,2595.4,98,91-120,2025-06-28,Active,1137.02
ACC00736,C0813,P004,A005,812.49,570.45,8,1-30,2024-08-22,Legal,439.17
ACC00737,C0791,P001,A009,44479.69,7319.73,31,31-60,2025-01-29,Active,4367.38
ACC00738,C0521,P003,A007,36144.71,24981.99,27,1-30,2025-01-30,Active,15945.97
ACC00739,C0810,P004,A001,28649.51,23474.09,39,31-60,2024-03-09,Active,10724.64
ACC00740,C0738,P003,A002,45956.44,18750.17,25,1-30,2025-03-14,Active,10157.82
ACC00741,C0687,P001,A010,49245.91,31115.59,79,61-90,2025-04-06,Promise to Pay,12902.13
ACC00742,C0190,P001,A008,7285.85,2391.64,116,91-120,2025-03-21,Write-off Candidate,1434.98
ACC00743,C0073,P005,A008,33250.8,7804.1,24,1-30,2024-03-16,Write-off Candidate,4237.19
ACC00744,C0770,P004,A010,28543.21,14514.59,48,31-60,2024-02-07,Promise to Pay,7459.51
ACC00745,C0221,P001,A003,24451.7,4203.56,59,31-60,2024-07-08,Active,2485.23
ACC00746,C0692,P001,A008,48209.82,28023.82,194,121+,2025-05-01,Promise to Pay,12672.76
ACC00747,C0243,P002,A010,10549.26,6776.38,160,121+,2025-01-26,Active,2121.18
ACC00748,C0977,P005,A010,12042.16,2772.81,66,61-90,2024-06-11,Active,669.78
ACC00749,C0863,P001,A006,13978.23,4955.41,43,31-60,2025-04-12,Legal,1835.76
ACC00750,C0008,P001,A001,23481.23,8818.45,18,1-30,2025-07-11,Promise to Pay,4066.67
ACC00751,C0411,P003,A010,46206.18,41416.09,45,31-60,2024-04-01,Active,13285.61
ACC00752,C0912,P003,A007,13218.11,5255.04,62,61-90,2024-01-24,Active,2164.04
ACC00753,C0716,P002,A008,37086.18,36253.46,19,1-30,2025-08-01,Active,11306.83
ACC00754,C0476,P004,A002,28488.92,12030.42,21,1-30,2025-08-05,Promise to Pay,4013.88
ACC00755,C0211,P001,A006,893.87,385.44,84,61-90,2024-04-22,Active,114.35
ACC00756,C0424,P002,A007,42739.61,27895.01,3,1-30,2025-06-21,Promise to Pay,14944.88
ACC00757,C0584,P003,A010,14443.8,9990.97,60,31-60,2024-09-10,Active,3978.85
ACC00758,C0269,P003,A004,39385.45,32002.11,39,31-60,2024-11-08,Promise to Pay,13994.94
ACC00759,C0951,P005,A010,12501.67,9190.21,20,1-30,2024-09-21,Active,4324.31
ACC00760,C0232,P005,A005,1350.22,1057.44,99,91-120,2025-07-28,Active,353.94
ACC00761,C0608,P003,A009,36286.03,27257.76,50,31-60,2024-08-11,Write-off Candidate,16392.95
ACC00762,C0546,P005,A010,5438.07,1315.6,99,91-120,2024-01-09,Write-off Candidate,863.23
ACC00763,C0457,P002,A001,43090.85,33848.52,64,61-90,2025-05-05,Active,25032.42
ACC00764,C0532,P003,A004,39326.27,17047.53,23,1-30,2025-04-28,Legal,4758.77
ACC00765,C0797,P002,A001,15437.68,9417.24,2,1-30,2024-11-07,Active,2245.57
ACC00766,C0741,P005,A004,1855.6,1683.98,87,61-90,2024-12-30,Active,1123.67
ACC00767,C0209,P004,A006,18133.83,13351.59,118,91-120,2025-02-05,Active,7335.5
ACC00768,C0644,P004,A001,48557.19,8302.95,74,61-90,2025-08-10,Promise to Pay,6365.28
ACC00769,C0268,P003,A009,34940.27,15964.0,9,1-30,2024-08-14,Active,5327.08
ACC00770,C0556,P005,A006,15182.86,4026.65,7,1-30,2025-02-21,Active,2425.85
ACC00771,C0139,P001,A004,14991.38,5076.24,15,1-30,2024-07-31,Promise to Pay,1072.25
ACC00772,C0238,P004,A010,34810.75,28576.03,54,31-60,2025-02-09,Legal,14978.51
ACC00773,C0029,P001,A009,16032.73,11817.11,111,91-120,2024-05-24,Promise to Pay,4352.81
ACC00774,C0772,P005,A001,32864.02,22412.27,26,1-30,2025-05-13,Active,8329.02
ACC00775,C0477,P003,A004,10788.05,4171.56,159,121+,2024-06-07,Active,2821.49
ACC00776,C0855,P003,A001,28174.68,26762.79,27,1-30,2025-03-08,Active,8261.79
ACC00777,C0770,P003,A003,26255.54,6248.46,5,1-30,2024-08-27,Active,1310.58
ACC00778,C0339,P004,A010,10618.35,1157.03,148,121+,2024-01-23,Active,407.49
ACC00779,C0480,P004,A002,33681.21,16335.34,64,61-90,2025-04-12,Active,11262.74
ACC00780,C0449,P004,A003,30693.08,23812.1,110,91-120,2024-11-18,Active,15454.9
ACC00781,C0178,P003,A006,47107.33,12047.11,3,1-30,2024-08-24,Promise to Pay,6429.27
ACC00782,C0265,P004,A003,13907.24,12879.63,7,1-30,2024-05-14,Active,6750.35
ACC00783,C0470,P001,A010,49970.39,39652.27,116,91-120,2024-04-03,Active,11809.5
ACC00784,C0168,P002,A005,3395.24,2827.87,12,1-30,2025-02-27,Write-off Candidate,1004.93
ACC00785,C0905,P005,A008,41669.0,22028.66,64,61-90,2025-05-22,Active,7848.15
ACC00786,C0109,P005,A010,46320.14,6718.36,144,121+,2025-01-03,Promise to Pay,2260.28
ACC00787,C0894,P004,A003,31631.65,12827.6,106,91-120,2024-03-06,Active,5002.7
ACC00788,C0042,P005,A006,26921.94,19958.59,55,31-60,2025-06-03,Promise to Pay,5757.25
ACC00789,C0254,P004,A004,28883.47,27336.46,75,61-90,2024-07-09,Active,6853.85
ACC00790,C0049,P001,A009,2577.2,1874.14,47,31-60,2025-07-20,Active,1407.34
ACC00791,C0629,P001,A002,43216.22,23175.05,32,31-60,2024-02-06,Legal,17601.9
ACC00792,C0613,P002,A006,31053.9,22514.09,20,1-30,2024-07-01,Promise to Pay,14434.49
ACC00793,C0919,P001,A008,7534.2,4091.12,6,1-30,2025-02-01,Promise to Pay,1431.34
ACC00794,C0571,P004,A003,42929.17,10074.97,12,1-30,2024-04-25,Active,4293.25
ACC00795,C0329,P003,A010,42574.87,11628.13,103,91-120,2024-07-18,Promise to Pay,2336.15
ACC00796,C0553,P002,A004,15451.08,13743.55,158,121+,2024-01-19,Active,9680.55
ACC00797,C0512,P005,A010,1081.31,560.29,71,61-90,2024-06-19,Active,237.85
ACC00798,C0700,P004,A009,30797.83,27331.85,63,61-90,2024-07-13,Legal,12816.37
ACC00799,C0264,P005,A003,33067.66,8067.27,51,31-60,2024-11-20,Active,2910.71
ACC00800,C0464,P004,A008,8420.89,3560.55,36,31-60,2024-06-06,Active,884.2
